Model,Brier score,Log loss,AUC,Accuracy,Balanced accuracy,Share called up,Up calls correct,Down calls correct
climatology,0.2499,0.6930,0.491,51.8%,50.0%,100.0%,51.8%,–
ewma,0.2499,0.6930,0.491,51.8%,50.0%,100.0%,51.8%,–
ar_garch,0.2498,0.6927,0.514,51.8%,50.4%,88.0%,52.0%,49.7%
linear,0.2502,0.6935,0.524,52.1%,51.6%,63.9%,53.0%,50.3%
gbm,0.2497,0.6926,0.532,53.8%,53.3%,64.1%,54.4%,52.8%
lstm,0.2501,0.6933,0.510,51.2%,50.4%,73.8%,52.1%,48.9%
gru,0.2505,0.6942,0.505,51.1%,50.3%,69.8%,52.1%,48.7%
static_gnn,0.2505,0.6941,0.505,50.4%,49.6%,72.0%,51.6%,47.5%
aimdg,0.2506,0.6944,0.504,50.8%,50.1%,69.8%,51.9%,48.3%
