Setting,Cadence (days),Refits,Joint loss,Diff. vs default,Edges on,Edges changed per refit,Clock resets,Seconds
default,21,12,-3.8740,+0.0000,2.33,2.55,0,114
no_warm_start,21,12,-3.8665,+0.0074,2.25,2.91,11,163
clock_k_1.5,21,12,-3.8740,+0.0000,2.33,2.55,0,114
clock_k_6,21,12,-3.8740,+0.0000,2.33,2.55,0,114
clock_T_3,21,12,-3.8754,-0.0015,2.33,2.91,0,98
clock_T_12,21,12,-3.8711,+0.0028,2.25,2.91,0,143
lam2_0,21,12,-3.8743,-0.0004,2.33,2.91,0,114
lam2_0.02,21,12,-3.8696,+0.0044,3.17,1.00,0,105
all_edges_on,21,12,-3.8659,+0.0081,15.00,0.00,0,3
cadence_42,42,6,-3.8915,-0.0176,3.17,4.80,0,75
cadence_63,63,4,-3.8776,-0.0037,2.50,4.00,0,52
