model,h,n,brier,logloss,accuracy,balanced_accuracy,auc,mean_p,base_rate,up_calls,up_precision,down_precision,vol_qlike,vol_rmse_vol,vol_mz_r2
climatology,1,4141,0.24991859314671516,0.6929867763777009,0.5182323110359817,0.5,0.49125785105821407,0.5287801310162579,0.5182323110359817,1.0,0.5182323110359817,,-6.65346350119614,0.018053040509305323,8.350026002397163e-05
climatology,5,4141,0.2505010854435049,0.6941651579525787,0.5189567737261531,0.5,0.474621963890929,0.533286320790181,0.5189567737261531,1.0,0.5189567737261531,,-5.045957763303054,0.029156773101548666,0.00020703579762794405
ewma,1,4141,0.24991859314671516,0.6929867763777009,0.5182323110359817,0.5,0.49125785105821407,0.5287801310162579,0.5182323110359817,1.0,0.5182323110359817,,-6.924595653191767,0.016540022282501527,0.03343874876893734
ewma,5,4141,0.2505010854435049,0.6941651579525787,0.5189567737261531,0.5,0.474621963890929,0.533286320790181,0.5189567737261531,1.0,0.5189567737261531,,-5.287317286880512,0.02467810196230137,0.11007155989829115
ar_garch,1,4141,0.24979561205886688,0.6927392347424309,0.5175078483458102,0.5036392238751586,0.5135013675848521,0.5272227031828055,0.5182323110359817,0.8804636561217097,0.5202962150301701,0.49696969696969695,-6.939860591940282,0.016851699433937446,0.0289529545547486
ar_garch,5,4141,0.25211250820299036,0.6974408613847545,0.5196812364163246,0.5008080250270509,0.4743775006961302,0.5464976306215271,0.5189567737261531,0.9978266119294856,0.5193610842207164,0.6666666666666667,-5.306306180164319,0.025091014984447466,0.09434453208228132
linear,1,4141,0.25015755466241063,0.693514158235853,0.5206471866698865,0.515609036570924,0.5236726485365324,0.5195073252123239,0.5182323110359817,0.6387346051678339,0.5304347826086957,0.5033422459893049,-6.962943196401952,0.01623652079658352,0.08121608644295354
linear,5,4141,0.2517683741247151,0.6968115919449579,0.5155759478386863,0.5078736303987472,0.5075756726300269,0.523174430099958,0.5189567737261531,0.7034532721564839,0.5245451424648129,0.494299674267101,-5.314886336051052,0.02373949505296368,0.16505601983185195
gbm,1,4141,0.24970824199091587,0.6926291227975557,0.538275778797392,0.5331641078465035,0.5319517339481041,0.5137437439645216,0.5182323110359817,0.6413909683651292,0.5440512048192772,0.5279461279461279,-6.945298526762941,0.016884407997740297,0.027600097050354596
gbm,5,4141,0.25200322319635915,0.6974002786527921,0.5235450374305723,0.5162301135673453,0.5137815104064466,0.5211742450613541,0.5189567737261531,0.693552282057474,0.5306406685236769,0.5074862096138693,-5.3100011845400665,0.024605902278682396,0.11116922975847333
lstm,1,4141,0.2500693112043923,0.6932928717854697,0.5121951219512195,0.5035393703270291,0.5096824073230607,0.5220320077996133,0.5182323110359817,0.7375030185945424,0.5206286836935167,0.48850045998160074,-6.950745887175261,0.016332172401452506,0.0506294710172274
lstm,5,4141,0.25084610517703626,0.6949282836416047,0.5211301617966675,0.5143618914933816,0.5185978908654627,0.5222952313186466,0.5189567737261531,0.679063028254045,0.5295163584637269,0.5033860045146727,-5.3075701279112,0.023509303750198104,0.20736338880367797
gru,1,4141,0.2505019202808397,0.6941680953648651,0.5105047090074861,0.5032839554618139,0.5049936117086752,0.5214965125093846,0.5182323110359817,0.6981405457618932,0.5205811138014528,0.48719999999999997,-6.958558954714002,0.016465030898054015,0.044097026763887444
gru,5,4141,0.2518904291550244,0.6970457770159576,0.5025356194156001,0.49587811459892617,0.5086105239945357,0.5246496421917909,0.5189567737261531,0.6754407148031877,0.5159099034680015,0.47470238095238093,-5.310167853940365,0.024041417546789547,0.15452819259453474
static_gnn,1,4141,0.25046934480796623,0.6941053364056738,0.5042260323593335,0.4961857112492321,0.5049254076477308,0.5195074070215029,0.5182323110359817,0.7203574015938179,0.5155883338920549,0.4749568221070811,-6.974353329664692,0.016274175310813672,0.05910162951104781
static_gnn,5,4141,0.2517807573362315,0.6967450093059222,0.5148514851485149,0.5071206183505543,0.5088459935600943,0.5231981035090989,0.5189567737261531,0.7041777348466554,0.52400548696845,0.49306122448979595,-5.3147225064828225,0.02288911476225753,0.25324621880619347
aimdg,1,4141,0.25063352124564464,0.6944446721624173,0.5080898333735813,0.5008658645682239,0.5035933262793517,0.519822386910705,0.5182323110359817,0.6981405457618932,0.5188516084399861,0.48319999999999996,-6.953390614735999,0.016504176891807065,0.052099534671309684
aimdg,5,4141,0.2514600280489102,0.6960638086065414,0.5153344602752958,0.5104099506448315,0.5158822820364753,0.5221047540781805,0.5189567737261531,0.6302825404491669,0.5272030651340996,0.4951012410189418,-5.299808713418476,0.02399362175497074,0.1989799302945856
