model,vs,loss,h,mean_diff,dm_stat,dm_p,wilcoxon_p,perm_p,folds_better
climatology,linear,brier,1,-0.00023896151569543163,-0.3522335167004675,0.7246810715299051,1.0,0.7486251374862514,4/8
ewma,linear,brier,1,-0.00023896151569543163,-0.3522335167004675,0.7246810715299051,1.0,0.7486251374862514,4/8
ar_garch,linear,brier,1,-0.0003619426035437549,-0.5039084548419293,0.6143525220349467,0.84375,0.6188381161883811,4/8
gbm,linear,brier,1,-0.00044931267149478707,-0.6938268572359664,0.4878297243784012,0.3125,0.4737526247375263,6/8
lstm,linear,brier,1,-8.82434580182796e-05,-0.18387168712941435,0.8541231214061187,0.9453125,0.8676132386761324,4/8
gru,linear,brier,1,0.00034436561842903965,0.7070288072349511,0.4795883689794158,0.640625,0.47185281471852814,4/8
static_gnn,linear,brier,1,0.0003117901455555798,0.6177708177615844,0.5367604015544301,0.640625,0.54994500549945,3/8
climatology,linear,brier,5,-0.0012672886812101418,-1.0467360971271797,0.29528241741751793,0.1953125,0.37496250374962503,7/8
ewma,linear,brier,5,-0.0012672886812101418,-1.0467360971271797,0.29528241741751793,0.1953125,0.37496250374962503,7/8
ar_garch,linear,brier,5,0.00034413407827526616,0.22074139154140784,0.8253046856106948,0.640625,0.8002199780021998,6/8
gbm,linear,brier,5,0.00023484907164407555,0.261912352124797,0.7934020462176132,0.7421875,0.8226177382261773,3/8
lstm,linear,brier,5,-0.0009222689476788799,-1.5157899582105778,0.1296488165048169,0.1953125,0.17948205179482052,5/8
gru,linear,brier,5,0.00012205503030934786,0.1654679435873875,0.8685837584710147,0.9453125,0.8836116388361164,5/8
static_gnn,linear,brier,5,1.2383211516391046e-05,0.016900496333101343,0.9865168111895233,0.7421875,0.9912008799120088,3/8
climatology,linear,logloss,1,-0.0005273818581521581,-0.383433691003008,0.7014179148295737,1.0,0.7234276572342766,4/8
ewma,linear,logloss,1,-0.0005273818581521581,-0.383433691003008,0.7014179148295737,1.0,0.7234276572342766,4/8
ar_garch,linear,logloss,1,-0.0007749234934220614,-0.53301548581929,0.5940514701250929,0.7421875,0.5996400359964004,4/8
gbm,linear,logloss,1,-0.0008850354382973891,-0.6699023747575353,0.5029573871255335,0.3125,0.4891510848915108,6/8
lstm,linear,logloss,1,-0.00022128645038334575,-0.22544936581908165,0.8216408393974659,0.84375,0.8336166383361664,4/8
gru,linear,logloss,1,0.0006539371290120496,0.6578829152601591,0.5106499471918282,0.640625,0.5024497550244975,4/8
static_gnn,linear,logloss,1,0.0005911781698207707,0.5744499203131513,0.5656945910942165,0.640625,0.5814418558144185,3/8
climatology,linear,logloss,5,-0.002646433992379296,-1.0760652031573235,0.28196079936902596,0.1953125,0.36236376362363765,7/8
ewma,linear,logloss,5,-0.002646433992379296,-1.0760652031573235,0.28196079936902596,0.1953125,0.36236376362363765,7/8
ar_garch,linear,logloss,5,0.0006292694397966128,0.19917147197906215,0.8421383951990167,0.640625,0.8135186481351865,6/8
gbm,linear,logloss,5,0.0005886867078341739,0.3147348484141135,0.7529788433480709,0.7421875,0.791020897910209,3/8
lstm,linear,logloss,5,-0.0018833083033531835,-1.5087576425282416,0.13143703618383754,0.1953125,0.1835816418358164,5/8
gru,linear,logloss,5,0.00023418507099965015,0.15289170536152163,0.8784911280800893,0.9453125,0.8925107489251075,5/8
static_gnn,linear,logloss,5,-6.658263903579734e-05,-0.04282537073989273,0.9658428048276183,0.7421875,0.9727027297270273,3/8
climatology,linear,qlike,1,0.3094796952058117,3.7838057121556004,0.00015663178957045108,0.0390625,9.999000099990002e-05,2/8
ewma,linear,qlike,1,0.038347543210184895,2.5208445889392874,0.011744624713377219,0.078125,0.0047995200479952005,2/8
ar_garch,linear,qlike,1,0.02308260446167002,1.3069577504357122,0.1912996492339195,0.3125,0.19928007199280073,3/8
gbm,linear,qlike,1,0.01764466963901113,1.4999601138935033,0.1337009866446327,0.1484375,0.13138686131386862,2/8
lstm,linear,qlike,1,0.01219730922669137,1.0044912594545061,0.315200587515941,0.640625,0.3658634136586341,4/8
gru,linear,qlike,1,0.004384241687949772,0.34381980233964393,0.7309992672789727,0.546875,0.6886311368863114,2/8
static_gnn,linear,qlike,1,-0.011410133262739644,-0.8707136406873562,0.3839610129679473,0.4609375,0.38176182381761825,5/8
climatology,linear,qlike,5,0.2689285727479978,3.6800127809682874,0.0002361903976978587,0.0390625,9.999000099990002e-05,2/8
ewma,linear,qlike,5,0.02756904917054101,2.5468953269197234,0.010904486872423225,0.1484375,0.0438956104389561,3/8
ar_garch,linear,qlike,5,0.008580155886732327,0.5107168112634907,0.6095765981746236,0.84375,0.6899310068993101,3/8
gbm,linear,qlike,5,0.004885151510986287,0.47470856614730783,0.6350197504203362,1.0,0.7273272672732727,4/8
lstm,linear,qlike,5,0.007316208139852071,0.5651819745636124,0.5719806206736544,0.84375,0.6667333266673333,4/8
gru,linear,qlike,5,0.004718482110686379,0.6604132952475397,0.5090253849173477,0.4609375,0.5204479552044795,3/8
static_gnn,linear,qlike,5,0.00016382956822937696,0.015980457183226104,0.9872507526502727,1.0,0.9961003899610039,4/8
