date,fold,refit,rate,tau,shift,r:gold@1,r:gold@5,r:gold@21,r:copper@1,r:copper@5,r:copper@21,r:dxy@1,r:dxy@5,r:dxy@21,r:real_yield_10y@1,r:real_yield_10y@5,r:real_yield_10y@21,r:vix@1,r:vix@5,r:vix@21,c:gold@1,c:gold@5,c:gold@21,c:copper@1,c:copper@5,c:copper@21,c:dxy@1,c:dxy@5,c:dxy@21,c:real_yield_10y@1,c:real_yield_10y@5,c:real_yield_10y@21,c:vix@1,c:vix@5,c:vix@21,on:gold@1,on:gold@5,on:gold@21,on:copper@1,on:copper@5,on:copper@21,on:dxy@1,on:dxy@5,on:dxy@21,on:real_yield_10y@1,on:real_yield_10y@5,on:real_yield_10y@21,on:vix@1,on:vix@5,on:vix@21,n_edges
2010-01-04,0,0,0.3,0,,0.3106,0.4767,0.4698,0.4992,0.3932,0.5103,0.4003,0.4596,0.4115,0.507,0.4492,0.2797,0.2191,0.3775,0.328,0.07,4.224,4.811,0.232,-2.924,2.031,-2.059,-0.255,-0.859,2.214,0.375,-0.764,-3.05,1.816,-2.502,False,True,False,False,False,False,False,False,False,False,False,False,False,False,False,1
2010-02-03,0,1,0.26666666666666666,1,0.07245426949657136,0.4721,0.4784,0.515,0.4543,0.3279,0.5068,0.4677,0.4634,0.4518,0.2698,0.449,0.4314,0.3272,0.3746,0.1751,0.701,1.088,4.979,-0.565,-3.982,2.13,-0.135,0.118,1.978,1.15,-1.366,3.074,-1.308,-0.361,-5.929,False,False,True,False,False,False,True,False,True,False,False,False,False,False,False,3
2010-03-05,0,2,0.23333333333333334,2,0.08491218210098032,0.4211,0.493,0.371,0.5216,0.5176,0.4503,0.4291,0.3433,0.5083,0.4049,0.3539,0.2693,0.3578,0.3858,0.2761,0.126,0.39,0.135,1.102,1.979,2.853,-0.63,-2.743,1.291,1.549,-0.914,3.204,-0.184,-0.486,0.274,False,False,False,False,True,False,False,False,True,False,False,True,False,False,False,3
2010-04-06,0,3,0.2,3,0.06588205617545488,0.4444,0.4968,0.3923,0.442,0.4461,0.4816,0.459,0.4256,0.4942,0.3049,0.2989,0.5502,0.3443,0.2937,0.3656,-0.273,1.524,-0.37,0.264,-0.293,1.334,0.669,-0.55,2.633,0.726,-3.921,5.42,0.034,-0.326,1.435,False,False,False,False,True,False,False,False,False,False,False,True,False,False,False,2
2010-05-05,0,4,0.16666666666666669,4,0.05374839355736037,0.4641,0.483,0.4382,0.4875,0.347,0.4109,0.4167,0.3557,0.4174,0.2554,0.2787,0.4695,0.4022,0.3453,0.4283,1.052,1.775,-0.796,1.503,-2.549,0.848,-0.641,-0.895,0.387,-2.177,-2.443,3.826,0.853,-1.33,3.857,False,True,False,False,False,False,False,False,False,False,False,True,False,False,True,3
2010-06-04,0,5,0.13333333333333333,5,0.058002371506638895,0.4551,0.4849,0.371,0.3913,0.2984,0.4449,0.4034,0.3991,0.5153,0.3941,0.2843,0.3568,0.4999,0.3874,0.4899,2.628,0.274,-0.252,-0.336,-1.763,1.227,-0.206,1.928,2.214,-2.426,-3.395,3.004,4.172,0.891,3.98,True,False,False,False,False,False,False,False,True,False,False,True,False,False,True,4
2010-07-06,0,6,0.1,6,0.049527178740283145,0.5179,0.3692,0.3205,0.5215,0.404,0.4259,0.4292,0.4018,0.4965,0.347,0.2733,0.3579,0.4684,0.4134,0.395,2.914,-3.032,-3.4,1.46,-0.18,1.75,0.174,-0.112,2.066,-2.993,-2.305,3.861,2.056,2.386,3.929,True,False,False,True,False,False,False,False,False,False,False,True,True,False,True,5
2010-08-04,0,7,0.1,7,0.05138833917168072,0.4113,0.4073,0.336,0.4892,0.3767,0.4704,0.4977,0.4059,0.4526,0.351,0.4484,0.3369,0.4914,0.488,0.3027,-0.689,-3.14,-3.313,0.237,-1.129,0.329,3.725,1.692,2.559,-4.257,0.092,2.958,5.464,5.899,0.379,False,False,False,False,False,False,True,False,False,False,False,True,True,False,True,4
2010-09-02,0,8,0.1,8,0.06801781692472218,0.3979,0.3955,0.3318,0.4458,0.4939,0.4504,0.3943,0.3408,0.341,0.4665,0.4087,0.4078,0.4157,0.3469,0.3901,1.987,-2.827,-0.693,0.195,1.273,3.515,1.128,-0.503,-3.641,-0.609,1.005,0.377,1.745,0.599,2.179,False,False,False,False,False,False,False,False,False,False,True,True,True,False,True,4
2010-10-04,0,9,0.1,9,0.08923975317565086,0.4277,0.428,0.3932,0.4226,0.2538,0.1759,0.5208,0.5091,0.4463,0.4895,0.4279,0.442,0.564,0.3776,0.4117,5.229,-3.201,-1.764,-2.111,-2.393,-2.599,2.399,6.813,-0.969,1.391,-1.781,2.392,7.745,0.679,-0.301,True,False,False,False,False,False,True,True,False,False,False,True,True,False,False,5
2010-11-02,0,10,0.1,10,0.04200324068580573,0.4316,0.4086,0.3975,0.4245,0.3195,0.2365,0.5065,0.4486,0.4999,0.4454,0.4557,0.5014,0.5623,0.1916,0.3849,2.535,0.656,-3.015,-2.808,-2.647,-2.075,2.221,3.21,3.304,-0.153,1.577,4.318,6.457,-1.138,-1.857,True,False,False,False,False,False,False,True,False,False,True,False,True,False,False,4
2010-12-02,0,11,0.1,11,0.057981563431397896,0.3926,0.2587,0.4273,0.3665,0.2761,0.2579,0.5108,0.4055,0.4893,0.4613,0.4764,0.4683,0.5065,0.5056,0.4155,-1.351,-5.683,-0.812,-1.751,-1.325,2.108,4.788,1.959,3.356,0.446,0.923,3.702,4.814,1.175,-1.166,False,False,False,False,False,False,False,False,True,False,False,False,True,False,False,2
2011-01-03,0,12,0.1,12,0.12060140171868712,0.4357,0.4494,0.4428,0.5341,0.444,0.3106,0.2769,0.5057,0.2389,0.4182,0.3627,0.3717,0.297,0.4122,0.385,-2.252,-1.808,-0.245,3.089,-0.585,-0.256,-1.524,1.709,-1.454,2.875,0.035,1.516,0.622,3.245,-0.483,False,False,False,False,False,True,False,False,False,False,False,False,True,True,False,3
2011-02-02,0,13,0.1,13,0.0844672304396617,0.4587,0.4593,0.5117,0.546,0.2904,0.1981,0.4574,0.4386,0.4391,0.3742,0.3408,0.4242,0.4147,0.2589,0.4353,-1.0,0.953,2.023,2.136,-3.246,2.059,-1.286,-0.193,0.433,1.562,-0.904,1.935,2.351,0.362,-0.463,False,True,True,True,False,False,False,False,False,False,False,False,True,False,False,4
2011-03-04,0,14,0.1,14,0.10767928301586085,0.4549,0.3784,0.3961,0.5385,0.3907,0.4093,0.4002,0.5118,0.3298,0.4221,0.4971,0.2818,0.4059,0.5697,0.2451,0.147,-3.955,1.427,2.218,-2.811,-1.172,-2.12,2.33,-1.94,4.664,4.187,3.294,-3.087,5.146,-0.65,False,False,True,True,False,False,False,False,False,False,False,False,True,False,False,3
2011-04-04,0,15,0.1,15,0.08764753760931257,0.4537,0.4667,0.4267,0.5074,0.4301,0.428,0.4664,0.4033,0.4854,0.3897,0.4002,0.0813,0.4639,0.5134,0.576,-0.515,0.216,0.48,6.067,-2.218,-1.77,0.111,-1.889,2.482,5.222,-0.019,0.398,3.683,2.294,5.091,False,False,True,True,False,False,False,False,False,True,False,True,False,True,True,6
2011-05-04,0,16,0.1,16,0.07061851009244823,0.2843,0.479,0.5003,0.4854,0.4803,0.3528,0.3465,0.4863,0.5026,0.3874,0.4552,0.201,0.422,0.4983,0.3735,-4.284,0.354,1.344,3.491,-0.255,-4.21,0.148,4.534,3.895,4.487,1.97,0.838,2.87,2.951,-0.637,False,True,True,True,False,False,False,False,False,False,False,False,False,True,False,4
2011-06-03,0,17,0.1,17,0.10984368545135409,0.5161,0.3927,0.4091,0.4799,0.3587,0.489,0.4767,0.3769,0.5029,0.2463,0.2696,0.3341,0.4544,0.3336,0.2953,2.908,-1.023,1.05,2.329,-3.099,3.676,-0.163,-1.706,0.437,3.177,-1.563,0.513,-0.183,-2.489,-2.94,True,True,False,False,False,False,True,False,False,True,False,False,False,False,False,4
2011-07-05,0,18,0.1,18,0.07651408219433595,0.4182,0.4303,0.4141,0.4404,0.3934,0.4175,0.3761,0.3642,0.3961,0.2437,0.4897,0.2458,0.3585,0.3224,0.5185,1.498,0.511,-0.445,-0.342,-2.598,-2.298,0.008,-2.326,1.471,0.545,3.244,-1.843,-2.176,2.965,2.261,False,True,True,True,False,False,False,False,True,False,False,True,True,False,True,7
2011-08-03,0,19,0.1,19,0.06418731499560923,0.4522,0.4501,0.4999,0.4791,0.4695,0.4567,0.3938,0.3938,0.4538,0.1096,0.2734,0.3395,0.433,0.3495,0.5,0.898,-1.909,1.929,1.56,0.232,-1.191,0.576,-0.328,-1.341,-0.059,0.73,2.463,1.236,2.038,2.304,False,False,True,True,False,False,False,False,False,True,True,True,False,True,False,6
2011-09-01,0,20,0.1,20,0.08918156824359397,0.4395,0.435,0.4763,0.4325,0.4825,0.4124,0.1706,0.2151,0.4514,0.2785,0.4395,0.5014,0.3805,0.4378,0.3595,0.676,0.414,1.138,-1.699,0.312,0.741,-2.662,-0.176,-1.468,2.835,0.569,2.23,-1.233,-0.43,-0.162,False,False,True,True,False,False,False,False,False,False,False,True,False,False,False,3
2011-10-03,0,21,0.1,21,0.11427835484213208,0.4119,0.4714,0.2037,0.5275,0.3264,0.5088,0.3983,0.414,0.3484,0.4606,0.52,0.4306,0.4368,0.4313,0.2554,-0.405,4.396,0.406,4.061,1.051,2.06,2.543,0.088,0.438,2.853,1.74,-0.203,-1.269,-1.794,-0.857,True,False,False,False,True,False,True,False,False,False,True,False,False,False,False,4
2011-11-01,0,22,0.1,22,0.08055007766855936,0.4385,0.4594,0.4798,0.5058,0.423,0.4467,0.4491,0.4106,0.4507,0.4097,0.4778,0.1115,0.3883,0.4744,0.2028,1.382,-1.53,0.508,1.26,3.453,-1.126,0.199,0.842,2.663,1.612,4.523,-1.379,-5.158,0.789,2.4,True,False,False,False,False,False,True,False,False,False,True,False,False,False,False,3
2011-12-01,0,23,0.1,23,0.10213720849932267,0.29,0.3606,0.2561,0.4065,0.4593,0.4809,0.3852,0.2947,0.4236,0.3091,0.5215,0.3859,0.4096,0.4681,0.4408,5.648,0.817,-2.165,-1.946,-0.32,1.086,-2.381,-2.88,-2.763,5.024,3.365,-0.244,-1.779,0.289,-1.209,True,False,False,False,False,True,False,False,False,False,True,False,False,False,False,3
2012-01-03,0,24,0.1,24,0.10210716599525466,0.5015,0.4538,0.2884,0.4837,0.4737,0.5222,0.2889,0.4336,0.4505,0.4791,0.4722,0.2723,0.4995,0.3871,0.1453,1.019,-0.061,-0.739,-0.257,1.856,0.962,-0.648,0.68,1.419,0.05,0.361,1.07,0.472,0.589,-0.826,False,False,False,False,True,False,False,False,True,False,False,False,False,False,False,2
2012-01-24,1,0,0.1,25,0.12560196099238918,0.5026,0.2539,0.4961,0.4063,0.4972,0.3374,0.5069,0.4464,0.0572,0.4641,0.5033,0.4263,0.4398,0.4275,0.4105,0.495,0.593,1.764,-1.61,0.311,1.122,1.881,-0.97,2.732,0.118,1.189,1.9,0.986,0.526,0.16,False,False,False,False,True,False,False,False,False,False,False,False,False,False,False,1
2012-02-23,1,1,0.1,26,0.09497764003897442,0.4374,0.3992,0.4737,0.4236,0.5334,0.5255,0.3025,0.3744,0.2853,0.4746,0.5003,0.1684,0.5049,0.3958,0.3331,0.77,0.595,0.076,-0.176,1.235,0.532,-0.305,1.539,-0.096,-0.05,0.146,0.58,0.337,0.2,-0.741,False,False,False,False,True,False,False,False,False,False,False,False,False,False,False,1
2012-03-23,1,2,0.1,27,0.06129282369248849,0.4067,0.3544,0.4601,0.492,0.519,0.455,0.3637,0.4579,0.329,0.4943,0.4466,0.2799,0.4918,0.3679,0.0704,-0.247,-0.364,-0.207,-0.09,1.105,-0.081,-0.178,0.356,0.101,0.039,-0.185,1.111,0.026,0.433,-1.741,False,False,False,False,True,False,False,False,True,False,False,False,False,False,False,2
2012-04-24,1,3,0.1,28,0.12260126594366987,0.4536,0.3694,0.5816,0.3886,0.3807,0.4842,0.5301,0.3831,0.4045,0.3556,0.5272,0.5162,0.5268,0.107,0.3871,-0.087,-0.151,4.704,-1.018,1.82,-0.032,1.89,-1.631,2.11,-0.651,1.258,2.542,2.39,0.121,-0.559,False,False,False,False,True,False,False,False,False,False,False,False,True,False,False,2
2012-05-23,1,4,0.1,29,0.08386748837553068,0.4555,0.4369,0.4947,0.4049,0.3761,0.5152,0.3969,0.4327,0.1868,0.3856,0.4355,0.3456,0.5141,0.42,0.4185,-1.313,4.182,0.541,-0.786,1.015,1.699,1.306,2.338,6.39,-4.528,-2.279,2.041,2.681,0.64,-3.123,False,False,True,False,True,False,False,True,False,False,False,False,False,False,False,3
2012-06-22,1,5,0.1,30,0.04571707599540066,0.474,0.3787,0.4519,0.457,0.4511,0.3821,0.4151,0.4496,0.0847,0.3927,0.4888,0.3011,0.5261,0.4487,0.3953,0.747,4.436,-1.275,-0.615,-0.591,-0.619,0.799,1.334,-1.913,-1.745,-0.125,0.446,2.689,1.089,-2.151,False,False,False,False,True,False,False,False,False,False,False,False,False,False,False,1
2012-07-24,1,6,0.1,31,0.05248937973191961,0.4621,0.4746,0.494,0.4327,0.5026,0.3919,0.4154,0.3617,0.3311,0.5234,0.4669,0.2999,0.5031,0.4444,0.3593,0.115,0.833,0.291,-0.273,0.642,-0.088,-0.337,-0.382,-0.15,0.514,0.036,1.51,1.11,-0.29,0.085,False,False,False,False,True,False,False,False,False,False,False,False,False,False,False,1
2012-08-22,1,7,0.1,32,0.06283011992128287,0.5143,0.4579,0.4716,0.3583,0.4815,0.4755,0.5005,0.549,0.408,0.4421,0.4234,0.2214,0.5803,0.442,0.3196,0.382,0.791,0.257,-1.233,0.701,0.502,0.655,0.966,0.133,-0.393,-0.431,1.561,1.276,0.623,-1.198,False,False,False,False,True,False,False,False,False,False,False,False,False,True,False,2
2012-09-21,1,8,0.1,33,0.05468456357902295,0.467,0.4478,0.5188,0.4033,0.5243,0.4229,0.4569,0.4453,0.3764,0.4885,0.3248,0.1794,0.5097,0.373,0.2501,0.682,0.552,0.485,-0.561,0.911,-0.578,0.112,-0.136,0.019,0.411,-0.469,0.387,0.709,0.454,-0.6,False,False,False,False,True,False,False,False,False,False,False,False,False,True,False,2
2012-10-22,1,9,0.1,34,0.06216561539834709,0.4694,0.4546,0.5334,0.4427,0.3766,0.4769,0.3955,0.4368,0.4537,0.5175,0.4072,0.3247,0.431,0.4136,0.3945,0.781,0.115,0.66,0.122,0.295,-0.057,0.745,-0.225,0.156,0.226,0.323,0.786,1.221,0.528,0.624,True,True,False,False,False,False,False,False,False,False,False,False,True,False,False,3
2012-11-23,1,10,0.1,35,0.06982169273548958,0.4655,0.35,0.4672,0.4472,0.482,0.4524,0.4484,0.4058,0.4706,0.3787,0.5288,0.2836,0.516,0.5091,0.2389,0.459,1.251,0.018,0.169,0.406,0.411,0.419,-0.16,-0.121,-0.469,1.172,1.268,0.691,0.677,0.471,False,False,False,False,False,False,False,False,False,False,False,False,False,False,False,0
2012-12-24,1,11,0.1,36,0.07936070953658932,0.5572,0.4743,0.4395,0.4258,0.4298,0.412,0.5316,0.4532,0.2399,0.3066,0.5136,0.3699,0.5956,0.5251,0.441,2.027,6.408,-1.254,-1.467,-1.383,-1.143,3.318,1.151,-4.448,-1.917,0.672,-1.825,4.083,2.404,-1.414,True,True,False,False,False,False,False,False,False,False,False,False,True,False,False,3
2013-01-25,1,12,0.1,37,0.09387963522654369,0.5404,0.4885,0.4109,0.2798,0.2079,0.4604,0.4736,0.4557,0.439,0.1466,0.4898,0.4569,0.3025,0.46,0.4845,2.766,0.64,1.44,-2.76,-0.511,1.198,0.834,3.244,-0.64,-2.497,1.114,3.673,-0.973,-1.352,1.101,True,False,True,False,False,True,False,False,False,False,False,False,False,False,False,3
2013-02-26,1,13,0.1,38,0.053987819728097367,0.4632,0.4695,0.5305,0.4419,0.274,0.487,0.4928,0.3116,0.4937,0.1479,0.4954,0.4453,0.3716,0.4335,0.4776,1.24,1.719,1.612,-0.595,0.809,1.186,1.336,2.599,1.019,-3.752,0.193,3.07,0.32,-0.284,1.848,False,False,False,False,False,False,False,False,False,False,False,True,False,False,False,1
2013-03-27,1,14,0.1,39,0.05861121353965894,0.5102,0.5528,0.4703,0.2185,0.3063,0.4651,0.5339,0.4207,0.5001,0.2375,0.4491,0.4994,0.3651,0.3838,0.4691,1.125,3.583,-0.827,-3.987,-2.453,-0.43,2.545,3.641,1.983,-4.069,1.956,1.091,4.063,2.943,-0.241,False,True,False,False,False,False,False,False,False,False,False,False,False,False,False,1
2013-04-26,1,15,0.1,40,0.10067772798593948,0.4899,0.5044,0.1777,0.4085,0.1861,0.5126,0.4528,0.4639,0.3698,0.3342,0.4976,0.4976,0.2395,0.4956,0.3167,2.497,4.4,-6.063,-3.046,1.623,1.996,0.737,0.89,-4.868,-6.792,3.546,0.444,-0.961,0.067,3.918,False,True,False,False,False,True,False,False,False,False,True,False,False,False,False,3
2013-05-28,1,16,0.1,41,0.05958907676263357,0.507,0.5164,0.2537,0.3454,0.0647,0.3527,0.4681,0.4891,0.497,0.4189,0.4971,0.4776,0.337,0.5071,0.3793,3.664,3.583,-4.733,-1.542,3.649,3.558,-1.128,1.18,0.244,-4.38,2.679,1.267,-0.571,4.269,2.306,False,True,False,False,False,True,False,False,False,False,True,False,False,False,False,3
2013-06-26,1,17,0.1,42,0.07003379037792716,0.3937,0.4727,0.1823,0.0744,0.1669,0.4254,0.484,0.4643,0.4811,0.488,0.4908,0.4636,0.3994,0.4621,0.5021,-3.508,-0.627,-4.045,2.816,3.456,1.94,-0.986,-4.264,0.195,-0.229,-0.102,-0.895,-0.731,0.725,1.115,False,False,False,False,True,False,False,False,False,False,False,False,True,False,False,2
2013-07-26,1,18,0.1,43,0.03987492838015472,0.4351,0.4958,0.2999,0.1561,0.0476,0.4168,0.475,0.4681,0.5003,0.4718,0.4269,0.4779,0.4473,0.4872,0.509,-0.57,2.569,-5.361,5.082,7.304,4.68,-2.975,-1.019,0.578,-2.076,-1.057,1.814,-0.344,-0.143,2.366,False,False,False,False,False,True,False,False,False,False,False,False,False,False,True,2
2013-08-26,1,19,0.1,44,0.10462959820844824,0.4738,0.4435,0.3637,0.3917,0.3451,0.2975,0.4663,0.2563,0.3973,0.3574,0.3815,0.4628,0.2912,0.4832,0.4052,1.389,-0.386,-2.008,2.331,4.461,0.578,-1.678,0.458,-1.815,-3.994,-0.809,3.274,-3.726,4.376,-0.271,False,False,False,False,True,False,False,False,False,False,False,True,False,False,False,2
2013-09-25,1,20,0.1,45,0.08104373086015602,0.4118,0.4617,0.2939,0.0899,0.3229,0.3561,0.4719,0.454,0.5216,0.4957,0.372,0.3828,0.283,0.5045,0.5033,1.304,-1.846,-6.316,7.511,4.073,-1.128,-1.134,-2.792,4.932,1.155,-2.329,-2.089,-1.663,2.525,1.658,False,False,False,True,True,False,False,False,True,False,False,False,False,True,False,4
2013-10-24,1,21,0.1,46,0.06473212118311514,0.5036,0.4821,0.3168,0.1573,0.0393,0.4658,0.4914,0.4659,0.512,0.4573,0.4553,0.4896,0.3597,0.4765,0.5023,1.932,-2.594,-9.648,12.878,16.021,2.401,-1.452,-2.676,4.056,-2.683,-0.683,0.918,-6.05,-1.622,1.283,False,False,False,True,False,True,False,False,True,False,False,False,False,False,False,3
2013-11-22,1,22,0.1,47,0.039940768933497926,0.4643,0.4831,0.176,0.1535,0.1273,0.4538,0.4979,0.4842,0.5084,0.4726,0.4107,0.3788,0.439,0.4902,0.4801,0.077,-1.819,-8.767,12.904,11.088,2.928,1.193,-1.854,3.351,-0.901,-4.584,-1.66,-1.321,1.349,-1.954,False,False,False,True,False,True,True,False,True,False,False,False,False,False,False,4
2013-12-24,1,23,0.1,48,0.05118984556980997,0.506,0.4641,0.3962,0.2088,0.1503,0.3376,0.4537,0.4821,0.4775,0.4847,0.3971,0.2738,0.3641,0.4861,0.4857,1.971,-2.941,-4.289,9.447,7.447,2.26,3.092,-0.904,4.889,1.166,-0.115,-2.637,-0.772,-0.028,-1.947,False,False,False,True,False,False,True,False,False,False,False,False,False,False,False,2
2014-01-27,1,24,0.1,49,0.08622565082175877,0.4349,0.4127,0.3648,0.4574,0.3988,0.0709,0.4576,0.4673,0.4537,0.4866,0.3282,0.443,0.3107,0.4832,0.4489,-0.23,-0.596,-0.434,0.68,2.657,4.489,-1.44,-0.914,-0.63,0.811,-0.247,-0.384,-1.447,-0.077,-0.753,False,False,False,True,True,False,False,False,False,False,False,False,False,False,False,2
2014-02-14,2,0,0.1,50,0.12254298788392644,0.4796,0.4926,0.4743,0.0788,0.091,0.4344,0.4735,0.5085,0.4988,0.5097,0.48,0.4953,0.4393,0.4975,0.3669,-1.029,-0.242,-0.66,8.216,7.191,-2.094,-0.898,1.121,0.527,2.352,-0.524,-0.016,-1.051,0.311,-2.8,False,False,False,True,False,False,False,False,True,False,False,False,False,True,False,3
2014-03-18,2,1,0.1,51,0.08125087587920721,0.4757,0.4039,0.3336,0.2279,0.3837,0.4617,0.4478,0.3433,0.4675,0.4515,0.3998,0.4706,0.4044,0.4994,0.2727,0.042,-0.64,-0.66,4.286,4.074,1.464,2.268,-1.002,-0.17,0.431,-0.895,-0.856,-1.305,1.462,-2.907,False,False,False,True,False,False,False,False,False,False,False,False,False,True,False,2
2014-04-16,2,2,0.1,52,0.0771708859714337,0.3237,0.3347,0.4318,0.4253,0.3478,0.501,0.3913,0.1532,0.4777,0.3819,0.3988,0.4269,0.406,0.5086,0.4563,2.742,-2.244,0.496,-0.341,1.754,2.508,-1.107,-3.111,0.244,1.302,-0.821,1.256,-1.012,0.787,-0.312,False,False,False,False,False,False,False,False,False,True,False,False,False,True,False,2
2014-05-16,2,3,0.1,53,0.09225000124005964,0.4864,0.4934,0.4946,0.4344,0.2648,0.428,0.3303,0.4215,0.342,0.4432,0.3066,0.4333,0.2497,0.532,0.4266,0.744,0.315,1.535,-0.805,1.404,-0.499,0.729,1.277,1.666,0.175,-0.61,-0.577,-0.411,1.609,-0.784,False,False,False,False,True,False,False,True,False,False,False,False,False,False,False,2
2014-06-17,2,4,0.1,54,0.09542597462368674,0.4193,0.455,0.4595,0.04,0.207,0.3957,0.4362,0.4689,0.4024,0.5151,0.4776,0.5081,0.4948,0.5111,0.4357,-0.76,-0.495,1.052,-0.677,-0.735,-1.825,-0.687,0.232,0.571,1.598,0.756,2.063,1.627,0.704,-0.695,False,False,False,False,False,False,False,False,False,True,False,False,True,False,False,2
2014-07-17,2,5,0.1,55,0.13590073284894513,0.4769,0.4692,0.315,0.3125,0.5163,0.4659,0.278,0.2119,0.4867,0.1358,0.4041,0.4698,0.4309,0.4718,0.5123,0.68,-0.269,1.495,-1.817,0.988,0.31,-0.951,1.061,0.34,-0.668,-1.48,0.517,0.211,0.452,0.717,False,False,True,False,False,False,False,True,False,True,False,False,False,False,False,3
2014-08-15,2,6,0.1,56,0.1086362353174622,0.5109,0.3998,0.3065,0.4632,0.3699,0.4205,0.2472,0.48,0.2104,0.4297,0.4342,0.5007,0.4757,0.2936,0.4904,1.116,-0.893,0.311,0.476,-0.734,-0.623,-1.001,2.071,-1.651,-0.147,-0.954,0.619,0.741,0.871,1.641,False,False,False,False,False,False,False,True,False,False,False,False,False,False,False,1
2014-09-16,2,7,0.1,57,0.10815220527296518,0.3319,0.1629,0.4736,0.3692,0.4934,0.4766,0.2039,0.5025,0.4852,0.489,0.3978,0.4972,0.3916,0.4876,0.4427,0.811,3.263,1.573,-2.174,1.529,0.38,-1.93,1.747,0.094,2.524,-2.713,0.284,0.602,3.12,-1.766,True,True,False,False,False,False,False,False,False,False,False,False,False,True,False,3
2014-10-15,2,8,0.1,58,0.11166422028713777,0.4911,0.4858,0.5102,0.1926,0.2033,0.4738,0.3611,0.3875,0.4896,0.3367,0.4528,0.4886,0.4829,0.4317,0.3957,0.69,0.281,2.462,-4.228,-0.094,1.9,-1.126,0.807,0.849,-2.001,0.114,2.188,0.784,1.273,-1.287,True,False,False,False,False,False,False,False,False,False,False,False,False,False,False,1
2014-11-13,2,9,0.1,59,0.05446945614578353,0.3693,0.3394,0.4541,0.2928,0.2269,0.4742,0.3561,0.473,0.4447,0.2708,0.4485,0.4818,0.514,0.5377,0.3769,-2.239,-0.063,-0.376,-4.001,0.508,0.787,0.689,0.127,1.39,0.908,-0.125,0.359,2.164,3.22,0.402,False,False,False,False,False,False,False,True,False,False,False,False,False,False,False,1
2014-12-15,2,10,0.1,60,0.06686715368052751,0.5506,0.21,0.5082,0.338,0.1816,0.3863,0.3813,0.3839,0.479,0.3919,0.4447,0.5018,0.4652,0.4586,0.3388,2.053,0.093,0.514,-2.625,-0.105,1.707,0.248,-1.27,0.587,2.189,-1.351,1.291,-0.298,1.269,-0.76,False,True,False,False,False,True,False,False,False,False,False,False,False,True,False,3
2015-01-15,2,11,0.1,61,0.10999138165425308,0.1453,0.4387,0.4795,0.309,0.4917,0.5099,0.4212,0.4891,0.4385,0.3113,0.4305,0.489,0.4855,0.4184,0.1682,-0.779,-2.124,1.582,-3.474,1.564,1.101,-0.064,0.142,0.922,0.328,-0.212,0.373,1.39,3.001,1.254,False,False,True,False,False,False,False,False,False,False,False,False,True,True,False,3
2015-02-17,2,12,0.1,62,0.1155600107156662,0.4664,0.1511,0.4526,0.4331,0.493,0.5058,0.1484,0.4374,0.5116,0.2931,0.4592,0.3261,0.5022,0.4726,0.4581,-0.773,-0.204,0.775,0.013,0.731,1.473,0.745,-0.939,0.796,1.777,-1.058,-0.061,0.43,1.684,1.454,False,False,True,False,False,False,False,False,False,True,False,False,False,True,False,3
2015-03-18,2,13,0.1,63,0.08720898308535374,0.4699,0.4952,0.5115,0.3684,0.4577,0.4833,0.2656,0.3995,0.4114,0.2197,0.4613,0.3653,0.4408,0.423,0.16,0.436,0.244,1.435,-1.129,0.391,-0.081,-0.672,-0.679,-1.025,-0.408,0.509,-0.933,-0.038,1.337,0.963,False,False,False,False,False,False,False,True,False,False,False,False,False,False,False,1
2015-04-17,2,14,0.1,64,0.07249026363775582,0.3885,0.467,0.4903,0.2463,0.4635,0.4353,0.2665,0.4681,0.5124,0.1734,0.4803,0.2358,0.4713,0.4783,0.4894,-1.591,-0.022,1.145,-1.237,0.895,1.624,-1.414,-1.034,0.792,-0.305,-0.182,4.012,1.973,-0.316,0.577,False,True,False,False,False,False,False,False,False,False,False,True,False,False,False,2
2015-05-18,2,15,0.1,65,0.12662362189944057,0.5284,0.375,0.4831,0.325,0.46,0.5038,0.4738,0.2402,0.2831,0.3458,0.4221,0.4918,0.4734,0.24,0.3715,1.134,0.515,0.686,-1.201,1.291,0.748,0.05,1.485,-0.452,-0.51,-0.883,0.532,0.348,-0.629,2.24,False,False,False,False,False,False,False,True,False,False,False,False,False,False,False,1
2015-06-17,2,16,0.1,66,0.10367790408140805,0.4186,0.4474,0.53,0.3194,0.3952,0.344,0.434,0.4739,0.3582,0.4662,0.519,0.4646,0.4087,0.456,0.1493,0.164,0.121,1.278,-0.382,-0.581,-0.499,-0.243,-0.091,-1.308,1.01,1.274,0.485,2.096,0.247,1.404,False,False,True,False,False,False,False,False,False,True,False,False,False,False,False,2
2015-07-17,2,17,0.1,67,0.09183879148587873,0.4322,0.4302,0.3901,0.3823,0.3283,0.4406,0.3564,0.4479,0.4133,0.2907,0.4708,0.2516,0.3547,0.5108,0.4258,-0.07,-0.01,1.558,-0.91,-0.022,2.101,-0.331,-0.482,-0.67,-0.888,-0.443,-1.075,-0.937,1.173,1.298,False,False,False,False,False,False,False,True,False,False,False,False,False,False,False,1
2015-08-17,2,18,0.1,68,0.10028451607418905,0.4054,0.4973,0.425,0.3172,0.3298,0.2109,0.2069,0.5011,0.4515,0.4372,0.3733,0.4801,0.4705,0.324,0.4893,-1.136,0.983,0.333,-0.421,0.57,-1.772,-0.758,0.512,0.109,-0.257,0.512,1.186,0.763,0.365,-0.132,False,False,False,False,False,False,False,False,False,True,False,False,False,False,True,2
2015-09-16,2,19,0.1,69,0.09166765352568794,0.4256,0.2484,0.4919,0.3159,0.464,0.3145,0.4211,0.4249,0.2858,0.4043,0.4266,0.3568,0.4718,0.4446,0.477,-0.583,0.716,0.003,-0.378,-0.033,0.526,-0.332,0.968,0.043,0.076,-0.581,1.023,0.819,-0.02,1.251,False,False,False,False,False,False,False,True,False,False,False,False,False,False,False,1
2015-10-15,2,20,0.1,70,0.11188983688396305,0.4575,0.4597,0.2324,0.4717,0.4465,0.4866,0.276,0.4576,0.416,0.1271,0.4876,0.4721,0.4534,0.4021,0.4848,1.941,1.802,2.967,0.636,-0.058,0.501,-2.651,-0.4,-0.34,-0.802,0.47,-0.315,-0.67,0.035,1.533,False,True,False,False,False,False,False,False,False,False,False,False,False,False,True,2
2015-11-13,2,21,0.1,71,0.08328206356474557,0.4496,0.4475,0.4658,0.3404,0.4611,0.4649,0.2945,0.4054,0.4556,0.4662,0.5049,0.3696,0.4665,0.2624,0.3785,0.346,1.968,0.978,-0.257,0.041,-0.192,-0.349,-0.121,-0.288,0.286,1.011,1.702,0.021,0.999,0.906,False,True,False,False,False,False,False,True,False,False,False,True,False,False,False,3
2015-12-15,2,22,0.1,72,0.06733831194500248,0.2264,0.4212,0.4552,0.1653,0.465,0.4677,0.3151,0.3526,0.3749,0.4571,0.4977,0.4726,0.4838,0.4239,0.4944,-1.033,-0.333,0.846,-1.102,0.194,-0.183,-0.784,-1.505,0.396,0.563,0.491,0.141,0.342,0.97,1.802,False,False,False,False,False,True,False,False,False,True,False,False,False,False,False,2
2016-01-15,2,23,0.1,73,0.12080344766795269,0.4924,0.3243,0.3397,0.4736,0.4113,0.3482,0.3387,0.4255,0.4092,0.383,0.411,0.2583,0.4211,0.2177,0.4171,0.345,-0.455,-0.626,0.477,-0.449,-0.347,-0.232,0.214,0.297,-0.056,-0.172,-0.32,0.335,-1.089,-0.183,False,False,False,False,False,False,False,True,False,False,False,False,False,False,False,1
2016-02-17,2,24,0.1,74,0.11460855242681757,0.3643,0.4623,0.4868,0.1756,0.3638,0.4407,0.4398,0.4532,0.4924,0.3704,0.2984,0.4875,0.2608,0.3394,0.3978,0.236,0.678,0.69,2.129,-0.135,1.384,-1.043,-0.416,0.136,-1.507,-0.975,0.325,-0.339,0.612,0.226,False,False,False,True,False,True,False,False,False,False,False,False,False,True,True,4
2016-03-08,3,0,0.1,75,0.038693394876347084,0.4288,0.4745,0.4845,0.2176,0.367,0.3608,0.4128,0.4535,0.4675,0.3728,0.4215,0.4623,0.3024,0.2783,0.327,0.515,-0.219,0.78,2.65,-0.752,0.686,-1.594,-0.151,0.117,-1.296,-0.748,-0.416,0.654,0.337,1.26,False,False,False,True,False,True,False,False,False,False,False,False,False,True,True,4
2016-04-07,3,1,0.1,76,0.055247999299624324,0.4896,0.4258,0.4685,0.0993,0.3072,0.3996,0.4427,0.4095,0.4551,0.4218,0.4618,0.4307,0.4439,0.3011,0.4419,1.15,-0.832,0.085,0.091,-1.888,-0.097,-0.877,-0.564,0.86,-0.172,0.558,-0.422,1.714,1.14,0.412,False,False,False,True,False,True,False,False,False,False,False,False,False,True,True,4
2016-05-06,3,2,0.1,77,0.03523429619852596,0.459,0.4746,0.5152,0.13,0.2657,0.3567,0.372,0.4551,0.4671,0.4575,0.4371,0.405,0.4309,0.3418,0.4612,0.918,0.442,1.567,0.088,-2.78,-0.194,-1.489,-0.072,0.31,-0.219,0.71,-0.064,1.35,1.927,1.426,False,False,False,False,False,False,False,False,False,False,True,False,False,True,False,2
2016-06-07,3,3,0.1,78,0.021614793590887575,0.444,0.4686,0.4853,0.1678,0.2687,0.3366,0.3537,0.4188,0.4555,0.4658,0.4573,0.4319,0.4275,0.3559,0.3878,1.707,0.363,0.305,-0.125,-3.322,0.04,-2.586,-0.703,1.001,-0.208,1.594,-0.28,1.215,1.992,0.273,True,False,False,False,False,False,False,False,False,False,False,False,False,True,False,2
2016-07-07,3,4,0.1,79,0.03420705667749802,0.4062,0.4228,0.5135,0.098,0.3544,0.374,0.3826,0.3912,0.4673,0.4103,0.4503,0.4374,0.4343,0.3991,0.4098,1.778,-0.041,1.128,0.001,-2.563,-0.033,-1.62,-0.967,0.249,-0.154,1.448,0.053,0.398,2.063,-0.494,False,False,False,False,False,False,False,False,False,False,False,False,False,True,False,1
2016-08-05,3,5,0.1,80,0.03651754356398637,0.3992,0.4438,0.4271,0.1342,0.2495,0.3901,0.4076,0.4177,0.4619,0.4537,0.4155,0.3876,0.465,0.4156,0.3659,1.311,-0.546,0.135,-0.106,-2.03,0.219,-1.161,-0.933,0.609,-0.462,0.614,-0.506,1.289,1.355,-0.182,True,False,False,False,False,False,False,False,True,False,False,False,True,True,False,4
2016-09-06,3,6,0.1,81,0.02641908528140579,0.393,0.4238,0.4311,0.1429,0.2718,0.343,0.4102,0.4178,0.4832,0.4383,0.3895,0.4392,0.4111,0.4117,0.4791,0.154,-0.061,0.018,-0.25,-2.185,-0.471,-0.531,-0.025,0.938,-0.199,1.316,0.38,0.809,2.119,0.534,False,False,False,False,False,False,False,False,False,False,False,False,False,True,False,1
2016-10-05,3,7,0.1,82,0.028423475922145204,0.3648,0.4659,0.4605,0.1688,0.2534,0.3586,0.4352,0.4179,0.4387,0.4436,0.3428,0.4243,0.418,0.4384,0.3824,-0.139,-0.077,0.287,0.415,-1.653,-0.63,-0.175,-0.845,0.502,0.426,0.727,-0.287,1.001,1.398,0.308,False,False,False,False,False,False,False,False,False,False,False,False,False,True,False,1
2016-11-04,3,8,0.1,83,0.03801660713036748,0.4368,0.4457,0.4321,0.0526,0.3074,0.3875,0.4194,0.4296,0.4711,0.483,0.3545,0.4203,0.4543,0.4573,0.4627,0.457,0.484,-0.676,-0.525,-1.434,0.063,-0.617,-1.385,0.836,0.35,0.66,-0.256,1.429,1.63,0.207,False,False,False,False,False,False,False,False,False,False,False,False,False,True,False,1
2016-12-07,3,9,0.1,84,0.06822768381817026,0.459,0.4305,0.4747,0.3413,0.396,0.1635,0.3775,0.4605,0.4375,0.3876,0.3451,0.4239,0.4941,0.3822,0.4504,0.607,0.357,0.083,0.693,-0.683,2.184,-0.734,0.211,0.856,-0.436,-0.027,0.27,1.729,1.996,0.188,False,False,False,False,False,False,False,False,False,False,False,False,False,True,False,1
2017-01-09,3,10,0.1,85,0.05740448566844329,0.4429,0.4594,0.4499,0.3012,0.3995,0.2106,0.4766,0.3038,0.3891,0.3988,0.4359,0.4683,0.3743,0.3306,0.3719,0.068,0.107,-0.061,-0.699,-0.446,1.903,-0.232,-1.245,-0.506,-0.77,0.602,-0.151,0.006,2.369,0.206,False,False,False,False,False,False,False,False,False,False,False,False,False,True,False,1
2017-02-08,3,11,0.1,86,0.058480622124854977,0.4473,0.4027,0.4129,0.3194,0.353,0.1896,0.3412,0.4209,0.3196,0.3346,0.4603,0.4788,0.4375,0.4679,0.4438,0.645,-0.899,-0.663,-0.872,0.031,1.767,-0.471,-0.758,-0.849,-1.036,0.431,-0.159,1.304,2.319,0.592,False,False,False,False,False,False,False,False,False,False,False,False,False,True,False,1
2017-03-10,3,12,0.1,87,0.11127099322293607,0.3408,0.5036,0.459,0.1681,0.4356,0.4226,0.4119,0.3618,0.4557,0.4334,0.4959,0.2286,0.3602,0.2872,0.4839,-0.388,0.416,-0.083,-1.153,0.072,0.228,0.486,-0.698,-0.116,-0.374,0.784,-1.098,0.745,0.555,0.525,False,False,False,False,False,True,False,False,False,False,True,False,False,False,False,2
2017-04-10,3,13,0.1,88,0.05356980024611016,0.4266,0.4757,0.4599,0.354,0.4236,0.2699,0.4597,0.3501,0.4244,0.4039,0.4693,0.1802,0.4005,0.3368,0.4309,-0.08,0.03,0.085,-0.724,-0.229,0.311,0.753,-0.705,-0.203,-0.271,0.186,-0.686,1.308,0.622,0.271,False,False,False,False,False,False,True,False,False,False,False,True,True,True,False,4
2017-05-10,3,14,0.1,89,0.09065039777454213,0.4289,0.4231,0.3601,0.1069,0.3835,0.4423,0.5016,0.455,0.3626,0.4686,0.4588,0.3911,0.4576,0.2099,0.4976,0.202,-0.237,0.076,-1.037,0.158,0.376,0.355,-0.068,-0.999,-0.362,-0.002,-0.396,0.74,1.209,0.902,False,False,False,False,False,False,False,False,False,False,False,False,True,True,False,2
2017-06-09,3,15,0.1,90,0.05986226597676828,0.449,0.4899,0.3387,0.1243,0.4427,0.2829,0.4587,0.302,0.433,0.4666,0.4472,0.4424,0.418,0.3525,0.4573,0.284,-0.048,-0.178,-0.987,-0.156,0.436,0.603,-0.59,-0.603,-0.107,-0.248,-0.294,1.562,0.542,0.484,False,False,False,False,False,False,False,False,False,False,False,True,True,False,False,2
2017-07-11,3,16,0.1,91,0.0510044027531742,0.4965,0.498,0.4418,0.2204,0.3626,0.2259,0.4569,0.2327,0.4458,0.4285,0.459,0.4164,0.4725,0.3965,0.3425,0.422,0.352,0.077,-1.161,0.505,0.645,1.413,-0.022,-0.411,0.14,0.022,-0.344,0.081,0.623,-0.187,False,False,False,False,True,False,True,False,False,False,False,True,False,True,False,4
2017-08-09,3,17,0.1,92,0.07140591627808075,0.3954,0.4985,0.4511,0.317,0.4414,0.2817,0.208,0.3979,0.4529,0.4049,0.4837,0.3681,0.3944,0.3944,0.4735,0.238,0.416,0.204,-1.143,0.547,0.474,0.849,-0.226,-0.135,-0.477,0.321,-0.101,1.501,0.756,0.45,False,False,False,False,False,False,False,False,False,False,False,False,True,True,False,2
2017-09-08,3,18,0.1,93,0.08667420843939538,0.4753,0.4398,0.3931,0.1632,0.2899,0.3772,0.5039,0.1851,0.4351,0.4185,0.4746,0.4265,0.4383,0.417,0.5024,0.256,-0.05,0.135,-1.283,0.12,1.242,0.766,-0.774,-0.34,-0.549,-0.106,-0.343,1.361,0.68,0.603,False,False,False,False,False,False,False,False,False,False,False,False,True,True,False,2
2017-10-09,3,19,0.1,94,0.06048415210654992,0.43,0.4001,0.3859,0.315,0.2059,0.4217,0.4855,0.4004,0.4673,0.4368,0.4443,0.3617,0.3908,0.3583,0.453,0.288,0.331,0.165,-1.193,0.049,0.632,0.659,0.176,-0.224,-0.117,-0.329,-0.152,1.866,1.071,0.702,False,False,False,False,False,False,False,False,False,False,False,False,True,False,False,1
2017-11-07,3,20,0.1,95,0.05947003142067026,0.3669,0.4978,0.3871,0.3039,0.4373,0.4213,0.4542,0.3429,0.4231,0.4578,0.391,0.4129,0.4126,0.3301,0.274,-0.26,0.349,0.495,-0.79,-0.229,-0.288,0.656,-0.005,-0.134,-0.152,0.004,-0.451,1.376,0.764,0.263,False,False,False,False,False,False,False,False,True,False,False,False,True,True,False,3
2017-12-07,3,21,0.1,96,0.07166270951847593,0.3674,0.4841,0.4284,0.1825,0.3016,0.4185,0.4286,0.1729,0.4405,0.3761,0.4704,0.3958,0.4122,0.4893,0.4825,-0.194,0.36,-0.055,-0.959,-0.269,0.209,0.721,-0.455,-0.0,-0.628,0.369,-0.735,1.058,0.075,0.584,False,False,False,False,False,False,False,False,True,False,False,False,True,False,False,2
2018-01-09,3,22,0.1,97,0.0768676397603893,0.3546,0.5048,0.2709,0.2555,0.4247,0.4428,0.4572,0.3833,0.4368,0.4501,0.4124,0.2579,0.347,0.3615,0.4467,0.174,0.288,-0.402,-0.584,-0.696,-0.011,0.057,0.736,-0.275,-0.054,-0.271,-0.08,1.101,0.446,0.418,False,False,False,False,False,False,False,False,False,False,False,False,True,True,False,2
2018-02-09,3,23,0.1,98,0.05567257315572219,0.4987,0.4799,0.3823,0.3503,0.4363,0.4387,0.469,0.205,0.44,0.4316,0.4858,0.1654,0.3699,0.3513,0.4803,0.454,0.051,-0.026,-0.35,-0.214,0.073,0.791,-0.149,-0.431,-0.322,0.217,-0.07,1.827,0.729,0.26,False,False,False,False,False,False,False,False,False,False,False,False,True,False,False,1
2018-03-13,3,24,0.1,99,0.07385165631972153,0.3659,0.4247,0.4162,0.3017,0.3787,0.3997,0.4188,0.3329,0.3386,0.3756,0.4951,0.3812,0.3287,0.461,0.4508,0.648,-0.388,-0.978,-0.47,0.709,-0.761,0.948,0.844,-0.002,-2.461,0.979,1.033,0.981,0.53,0.643,False,False,False,False,True,False,False,False,False,False,True,False,False,False,False,2
2018-04-03,4,0,0.1,100,0.06364833867513774,0.458,0.473,0.3187,0.2926,0.3993,0.3893,0.3961,0.4019,0.4254,0.4693,0.4345,0.4707,0.1821,0.3846,0.482,0.027,-0.177,-0.824,-2.305,1.786,0.342,-0.269,-0.398,0.892,0.2,1.204,1.448,0.689,1.54,0.92,False,False,False,False,False,False,False,False,False,False,False,True,False,False,False,1
2018-05-02,4,1,0.1,101,0.0628115195612546,0.4492,0.457,0.4238,0.3215,0.3711,0.4148,0.3651,0.4659,0.4309,0.5013,0.3629,0.4668,0.307,0.459,0.1596,-0.728,-0.4,0.299,-0.102,-0.331,0.011,0.586,0.236,0.773,1.353,0.789,1.273,0.851,0.312,-0.145,False,False,False,False,False,False,False,False,False,False,False,True,False,True,False,2
2018-06-01,4,2,0.1,102,0.09420484927814782,0.2858,0.2462,0.3871,0.1296,0.4435,0.4041,0.4574,0.4567,0.4115,0.4632,0.4226,0.4208,0.4372,0.4155,0.4486,-0.226,-0.013,-0.736,-1.436,-0.207,-0.328,1.148,-0.613,0.166,-0.007,-0.103,0.254,1.088,0.386,0.508,False,False,False,False,True,False,False,False,False,False,False,False,False,False,False,1
2018-07-02,4,3,0.1,103,0.06441145654890247,0.4549,0.4534,0.3724,0.111,0.4068,0.4882,0.4238,0.404,0.4088,0.4061,0.3331,0.365,0.4642,0.3865,0.3603,0.0,-0.407,-0.234,-1.095,-1.364,1.259,1.164,-0.216,-0.769,0.358,-1.824,1.244,-0.077,1.254,-0.264,False,False,False,False,False,True,False,False,False,False,False,True,False,True,False,3
2018-08-01,4,4,0.1,104,0.053081241553604205,0.4676,0.3787,0.3931,0.2568,0.3262,0.4878,0.4826,0.433,0.3943,0.4492,0.4357,0.403,0.4159,0.4237,0.2705,0.654,-1.183,-0.879,-0.9,-2.413,1.159,1.827,1.083,0.125,1.057,1.476,1.349,-0.91,1.488,-1.423,False,False,False,False,False,False,True,False,False,False,False,False,False,True,False,2
2018-08-30,4,5,0.1,105,0.06602575265259998,0.3704,0.3367,0.3694,0.3858,0.3753,0.3126,0.5278,0.4036,0.4036,0.335,0.4512,0.3759,0.5341,0.4733,0.336,-1.567,-0.911,-0.911,-0.423,-0.478,0.589,2.238,-0.032,-0.26,0.478,1.451,0.457,2.149,0.049,-0.576,False,False,False,False,False,False,True,False,False,False,True,False,False,False,False,2
2018-10-01,4,6,0.1,106,0.07556124946629837,0.3939,0.4549,0.3377,0.4105,0.2689,0.4741,0.4684,0.3957,0.3958,0.5059,0.2919,0.4263,0.3905,0.4761,0.4013,-1.235,-0.301,-1.196,-0.696,-2.367,2.488,0.59,0.232,-1.143,2.05,-0.055,2.802,-0.335,0.222,-0.282,False,False,False,False,False,True,False,False,False,False,False,True,False,False,False,2
2018-10-30,4,7,0.1,107,0.058534466913618834,0.4927,0.4894,0.3067,0.3972,0.2269,0.3659,0.5073,0.4013,0.4307,0.4301,0.5501,0.404,0.4339,0.4376,0.4338,0.744,1.772,-3.691,0.013,-2.475,0.091,3.184,-0.842,-0.424,-0.065,2.868,-0.182,0.246,0.783,-0.063,False,False,False,False,False,False,True,False,False,False,False,False,False,False,False,1
2018-11-29,4,8,0.1,108,0.05495290983115274,0.3293,0.3555,0.284,0.4782,0.2407,0.352,0.4677,0.488,0.4471,0.5077,0.4788,0.4158,0.3652,0.4308,0.4173,-0.954,-0.273,-2.261,0.583,-2.212,-0.908,0.53,0.888,0.337,1.592,0.431,1.763,-0.678,2.006,-0.576,False,False,False,False,False,False,True,False,False,False,False,False,False,True,False,2
2019-01-02,4,9,0.1,109,0.04895922527142552,0.4935,0.4004,0.3175,0.3972,0.2785,0.4022,0.4802,0.3549,0.4652,0.5001,0.5123,0.4274,0.4156,0.4219,0.464,0.363,-0.611,-2.326,-0.812,-2.251,-1.472,1.616,-1.089,0.521,0.991,1.83,4.647,-0.059,0.627,0.734,False,False,False,False,False,False,False,False,False,False,False,True,False,False,False,1
2019-02-01,4,10,0.1,110,0.06221686575290215,0.4199,0.4631,0.3585,0.2476,0.3627,0.4189,0.5009,0.4206,0.358,0.5447,0.5116,0.4426,0.2229,0.4146,0.4125,-0.937,-0.043,-0.883,-1.85,-0.557,-0.158,0.829,-0.532,-0.29,1.912,1.654,0.515,-1.312,2.421,0.724,False,False,False,False,False,False,False,False,False,False,True,False,False,True,False,2
2019-03-05,4,11,0.1,111,0.07321660246531299,0.4389,0.4028,0.3444,0.4293,0.2809,0.4997,0.4968,0.3929,0.461,0.4223,0.4443,0.5381,0.2919,0.4416,0.2678,1.24,0.507,-1.508,-0.592,-2.211,1.046,2.033,-1.359,0.247,-0.077,2.154,2.598,-0.18,0.856,-0.849,True,False,False,False,False,True,False,False,False,False,True,False,False,False,False,3
2019-04-03,4,12,0.1,112,0.08112189273679483,0.4348,0.4841,0.4315,0.1328,0.2196,0.4006,0.4701,0.4346,0.4419,0.5026,0.4929,0.4493,0.3067,0.3421,0.4357,1.534,1.544,-1.726,-3.359,-2.703,-1.817,3.779,-0.59,1.593,2.3,1.085,-0.284,0.985,0.612,0.807,False,False,False,False,False,False,True,False,False,False,False,False,False,False,True,2
2019-05-03,4,13,0.1,113,0.03312337983796233,0.4456,0.4813,0.3662,0.2558,0.2878,0.3989,0.495,0.4361,0.4258,0.4965,0.482,0.4244,0.2584,0.3626,0.3637,1.41,2.51,-2.438,-1.209,-1.812,-0.193,3.986,-0.555,1.486,1.931,3.271,2.147,0.346,-1.196,-2.827,False,True,False,False,False,False,False,False,False,False,False,False,False,False,False,1
2019-06-04,4,14,0.1,114,0.04327251905814253,0.476,0.4365,0.4257,0.2492,0.2723,0.3112,0.5052,0.4589,0.4706,0.4858,0.471,0.5167,0.3417,0.4135,0.2853,1.479,1.234,-2.129,-2.328,-2.301,-3.95,4.359,2.751,4.213,0.96,2.532,5.491,1.397,-2.022,-4.529,False,False,False,False,False,False,True,False,True,False,False,True,False,False,False,3
2019-07-03,4,15,0.1,115,0.04240426343867877,0.4728,0.4882,0.3986,0.1395,0.2396,0.4242,0.4743,0.4747,0.4807,0.4355,0.4377,0.4925,0.3465,0.3771,0.3785,1.354,1.67,-3.028,-3.463,-2.943,1.49,6.171,3.035,2.36,-0.732,0.964,1.904,0.63,-1.353,-1.248,False,False,False,False,False,False,True,False,False,False,False,True,False,False,False,2
2019-08-02,4,16,0.1,116,0.03294265238376202,0.4523,0.5119,0.4007,0.2701,0.1809,0.3845,0.4717,0.4008,0.5058,0.4358,0.4732,0.5069,0.3137,0.3685,0.404,3.169,2.979,-2.165,-2.908,-4.42,-1.516,3.092,2.239,3.237,-0.727,-0.044,3.129,-0.337,-1.937,-1.791,False,True,False,False,False,False,True,False,False,False,False,True,False,False,False,3
2019-09-03,4,17,0.1,117,0.026946366780684967,0.4637,0.5198,0.3918,0.3184,0.202,0.3922,0.4313,0.4077,0.4638,0.4242,0.4536,0.5562,0.3197,0.4131,0.3256,2.835,3.055,-2.343,-0.992,-3.827,-1.593,5.33,-0.015,2.692,-2.159,-0.324,4.681,-0.982,-0.161,-2.103,False,True,False,False,False,False,True,False,False,False,False,True,False,False,False,3
2019-10-02,4,18,0.1,118,0.03925179673506099,0.4792,0.5443,0.4834,0.2172,0.1576,0.3689,0.4508,0.4029,0.4747,0.4527,0.4141,0.4918,0.4029,0.4111,0.2902,0.842,3.228,1.768,-2.682,-3.25,-2.593,1.782,0.315,1.016,0.551,2.862,0.772,0.572,-0.568,-3.259,False,True,True,False,False,False,False,False,False,False,False,False,True,False,False,3
2019-10-31,4,19,0.1,119,0.041217358780142446,0.4559,0.5085,0.425,0.223,0.1674,0.3432,0.476,0.4339,0.4836,0.4751,0.4674,0.421,0.3624,0.347,0.4334,0.435,3.469,-0.665,-3.043,-4.392,-2.639,2.401,-0.03,2.329,0.474,1.424,2.699,3.027,0.299,-0.67,False,True,False,False,False,False,True,False,False,False,False,False,False,False,False,2
2019-12-02,4,20,0.1,120,0.02478998705054703,0.4486,0.5112,0.451,0.2352,0.2549,0.3486,0.4697,0.4003,0.4194,0.4868,0.4813,0.4056,0.3521,0.3548,0.366,2.775,2.502,-1.782,-2.192,-3.909,-2.714,1.846,-1.669,2.491,1.453,3.144,0.713,2.01,1.906,-1.658,True,True,False,False,False,False,True,False,False,False,False,False,False,False,False,3
2020-01-02,4,21,0.1,121,0.034496945724512965,0.4802,0.5123,0.4079,0.2254,0.3625,0.3455,0.4182,0.2791,0.4374,0.4571,0.5016,0.4099,0.348,0.3924,0.4006,2.77,2.405,-1.333,-1.444,-2.711,-2.795,3.02,3.788,1.722,1.105,1.954,1.541,-0.783,-2.022,-0.847,True,False,False,False,False,False,True,False,False,False,False,False,False,False,False,2
2020-02-03,4,22,0.1,122,0.028452592870101594,0.4601,0.4974,0.4802,0.1996,0.3169,0.3908,0.4408,0.3256,0.4078,0.432,0.5058,0.4149,0.2964,0.3921,0.3828,4.01,6.097,0.27,-2.338,-3.008,-2.272,1.715,0.942,2.979,-0.616,2.354,1.274,-1.042,-2.243,-1.967,True,True,False,True,False,False,True,False,True,False,True,False,False,False,False,6
2020-03-04,4,23,0.1,123,0.026874899322349724,0.4791,0.5061,0.4463,0.2469,0.3092,0.403,0.3564,0.3006,0.4382,0.4372,0.4733,0.4404,0.2659,0.3653,0.397,3.534,4.063,-2.443,1.551,-0.516,-3.607,3.011,-0.895,2.269,-0.337,0.891,0.018,1.895,-2.203,-1.235,True,True,False,False,False,False,True,False,True,False,False,False,True,False,False,5
2020-04-02,4,24,0.1,124,0.07323573935425101,0.5062,0.5155,0.4245,0.3777,0.4046,0.2855,0.4755,0.4252,0.4275,0.4329,0.3534,0.4868,0.0781,0.3438,0.4591,3.511,3.959,-4.065,5.407,3.175,-9.284,-0.583,-3.2,-2.275,-0.733,-3.545,-0.561,14.17,4.071,-2.249,True,True,False,True,False,False,False,False,True,False,False,False,True,False,False,5
2020-04-23,5,0,0.1,125,0.03508763572700924,0.4969,0.4966,0.3929,0.3239,0.4391,0.3535,0.4171,0.3829,0.4119,0.444,0.4363,0.4863,0.0566,0.3935,0.487,4.6,0.725,-5.284,6.617,2.603,-7.232,-0.603,-3.774,-3.861,-1.323,-2.537,-0.846,13.841,4.634,-0.075,True,False,False,False,False,False,False,False,False,False,False,False,True,False,False,2
2020-05-22,5,1,0.1,126,0.044487446762102235,0.4949,0.5057,0.3673,0.2348,0.34,0.4435,0.4972,0.4131,0.3198,0.4516,0.448,0.464,0.0942,0.4561,0.4789,3.741,2.127,-5.29,7.219,2.958,-4.853,2.176,-3.277,-2.544,-0.304,-1.278,-0.394,11.205,3.998,-1.316,True,False,False,False,False,False,False,False,False,False,False,False,True,False,False,2
2020-06-23,5,2,0.1,127,0.05418143908451669,0.4945,0.4967,0.2928,0.4197,0.4683,0.3409,0.4665,0.3615,0.4239,0.4417,0.4681,0.4776,0.0374,0.4622,0.4587,0.254,0.275,-4.628,3.526,2.217,-4.618,1.273,-1.883,-2.823,-0.95,-1.182,-1.395,10.72,3.027,-1.733,False,False,False,True,False,False,True,False,False,False,False,False,True,False,False,3
2020-07-23,5,3,0.1,128,0.04333314191550164,0.5043,0.5025,0.4108,0.3053,0.4593,0.4513,0.4435,0.3984,0.3564,0.4757,0.4284,0.4715,0.0366,0.415,0.486,2.807,1.494,-4.056,3.796,1.148,-2.549,-0.249,-3.219,-3.638,-0.752,-1.691,-1.57,12.353,3.246,-0.301,True,False,False,True,False,False,False,False,False,False,False,False,True,False,False,3
2020-08-21,5,4,0.1,129,0.024191046231852604,0.498,0.4927,0.4199,0.3763,0.4547,0.4603,0.4619,0.4539,0.3708,0.439,0.4857,0.4699,0.0156,0.4544,0.4769,3.29,1.449,-2.985,2.356,0.312,0.126,-0.236,-0.852,-2.392,-0.631,0.008,-0.865,9.419,1.543,-0.584,True,False,False,True,False,False,False,False,False,False,False,False,True,False,False,3
2020-09-22,5,5,0.1,130,0.031959399858490375,0.4414,0.4964,0.3444,0.4434,0.4047,0.4725,0.4881,0.3585,0.4159,0.4301,0.4842,0.4635,0.0242,0.474,0.4742,2.498,1.636,-2.664,1.403,0.041,-0.68,0.89,-0.994,-1.743,-0.375,-0.787,-1.649,5.719,1.36,-0.592,True,False,False,False,False,False,False,False,False,False,False,False,True,False,False,2
2020-10-21,5,6,0.1,131,0.029146048739112244,0.4847,0.5002,0.3562,0.4337,0.4739,0.4228,0.4629,0.4461,0.4497,0.4389,0.4985,0.4616,0.0139,0.4108,0.479,1.48,1.098,-2.37,2.533,0.108,-0.725,0.219,-1.484,-0.651,-0.755,0.116,-1.736,6.061,1.935,0.341,False,True,False,True,False,False,True,False,False,False,False,False,True,False,False,4
2020-11-19,5,7,0.1,132,0.026675352695468786,0.5045,0.5028,0.3199,0.3377,0.4805,0.4418,0.4927,0.4541,0.4379,0.4081,0.4729,0.4077,0.0218,0.4556,0.4716,1.873,1.274,-1.455,1.295,-0.269,-0.329,-0.17,-0.673,-1.287,-0.54,-0.008,-2.089,5.15,1.417,-0.349,True,False,False,False,False,False,False,False,False,False,False,False,True,False,False,2
2020-12-21,5,8,0.1,133,0.056710272349193284,0.4297,0.5079,0.1852,0.3974,0.2921,0.3355,0.4755,0.4376,0.4792,0.4006,0.4378,0.4482,0.1342,0.4518,0.479,3.076,1.648,-3.731,0.974,1.772,-1.834,-0.374,-1.576,-0.086,-1.076,-0.425,-1.014,3.664,0.586,1.065,True,True,False,False,False,False,False,False,False,False,False,False,True,True,False,4
2021-01-22,5,9,0.1,134,0.027141320488925726,0.4679,0.4808,0.19,0.3884,0.2663,0.4723,0.4958,0.4349,0.4738,0.3857,0.4605,0.4203,0.1065,0.4318,0.4549,0.912,1.247,-1.688,0.387,1.952,0.061,0.096,-1.016,-0.148,-0.829,-1.416,-1.612,3.076,0.429,0.787,True,False,False,True,False,False,False,False,False,False,False,False,True,False,False,3
2021-02-23,5,10,0.1,135,0.03600174987458083,0.4837,0.4646,0.1509,0.3455,0.4128,0.4018,0.4806,0.4738,0.4422,0.4088,0.461,0.4583,0.0864,0.4333,0.4951,2.191,-0.204,-3.293,1.375,0.276,0.845,-0.52,-1.022,-1.005,-1.951,-0.084,-0.724,3.921,1.788,0.83,True,False,False,True,False,False,False,False,False,False,False,False,True,False,False,3
2021-03-24,5,11,0.1,136,0.050667679833172455,0.4815,0.4771,0.3839,0.4402,0.4605,0.4658,0.5027,0.4218,0.4272,0.4306,0.4059,0.479,0.0172,0.3864,0.4918,1.606,0.171,-1.708,0.576,0.465,1.443,0.735,-0.893,-1.745,-1.109,-2.38,-0.986,5.909,1.101,0.265,True,False,False,False,False,True,False,False,False,False,False,False,True,False,False,3
2021-04-23,5,12,0.1,137,0.04251315754852994,0.4719,0.4651,0.4682,0.3813,0.4641,0.4669,0.3096,0.4368,0.4669,0.4924,0.4364,0.4567,0.024,0.4435,0.45,-0.022,0.634,-0.852,3.993,1.066,-0.117,-1.675,-0.951,-1.035,0.27,-1.433,-1.629,7.971,1.348,-2.072,False,False,False,True,False,False,False,False,False,False,False,False,True,False,False,2
2021-05-24,5,13,0.1,138,0.02509287796219786,0.4849,0.4606,0.4763,0.383,0.4497,0.4127,0.3691,0.4167,0.3655,0.4561,0.4709,0.4661,0.0303,0.432,0.4515,2.735,0.392,-1.035,4.842,0.779,-1.248,-1.543,-2.396,-3.316,-2.695,-0.563,-1.303,9.626,0.742,-3.535,True,False,False,True,False,False,False,False,False,False,False,False,True,False,False,3
2021-06-23,5,14,0.1,139,0.03287569401963036,0.4417,0.4686,0.4555,0.4674,0.4894,0.4941,0.3988,0.4368,0.4147,0.4738,0.4702,0.459,0.0096,0.486,0.468,2.541,-0.005,-1.68,2.301,1.323,0.669,-0.609,-0.939,-2.099,-0.705,-1.594,-1.05,11.755,1.025,-2.503,True,False,False,True,False,False,False,False,False,False,False,False,True,False,False,3
2021-07-23,5,15,0.1,140,0.036310082932670275,0.4691,0.4725,0.4027,0.4773,0.4652,0.4371,0.3258,0.2863,0.4532,0.4792,0.4477,0.4776,0.0323,0.462,0.4536,1.399,1.136,-1.919,1.101,1.048,-0.503,-0.473,-1.091,-0.516,-0.535,-2.552,-0.754,6.64,0.716,-1.66,True,False,False,False,False,False,False,False,False,False,False,False,True,False,False,2
2021-08-23,5,16,0.1,141,0.03205698607695135,0.4058,0.421,0.4285,0.3674,0.4649,0.4795,0.3231,0.3379,0.4161,0.4668,0.4351,0.4654,0.063,0.4647,0.4793,3.338,0.021,-2.613,4.528,0.936,-0.513,-0.812,-1.799,-2.055,-2.115,-2.381,-1.496,10.655,-0.064,-1.287,True,False,False,True,False,False,False,False,False,False,False,False,True,False,False,3
2021-09-22,5,17,0.1,142,0.05338740427223823,0.4832,0.464,0.4266,0.2282,0.399,0.3328,0.3157,0.3895,0.4544,0.4608,0.4532,0.4405,0.158,0.4086,0.4501,2.084,0.794,-1.536,2.31,-0.539,-1.329,-0.806,-0.795,-0.502,-1.56,-0.699,-0.3,4.765,1.454,-1.377,False,False,False,True,False,False,False,False,False,False,False,False,True,False,False,2
2021-10-21,5,18,0.1,143,0.06447047607770584,0.4473,0.4674,0.4664,0.4832,0.4541,0.4206,0.3227,0.4546,0.3396,0.4156,0.4308,0.461,0.0665,0.2957,0.4604,1.869,-0.11,-1.027,1.896,1.049,0.451,-0.158,-0.77,-2.353,-1.19,-3.33,-0.812,6.125,2.185,-1.406,False,False,False,True,False,False,False,False,False,False,False,False,True,False,False,2
2021-11-19,5,19,0.1,144,0.05358583119086522,0.4453,0.4607,0.4336,0.4758,0.446,0.4684,0.4043,0.407,0.4666,0.4653,0.4494,0.4452,0.0305,0.4486,0.2907,0.783,0.852,-1.422,1.87,-0.496,-0.116,0.432,-0.44,-1.065,-0.602,-0.493,-1.784,5.965,0.543,-2.391,False,False,False,True,False,False,False,False,False,False,False,False,True,False,False,2
2021-12-21,5,20,0.1,145,0.044809311584635504,0.439,0.4416,0.4109,0.3904,0.3936,0.4648,0.446,0.4552,0.427,0.4452,0.3786,0.4674,0.0626,0.38,0.43,2.202,0.592,-1.612,2.194,-0.28,-0.181,0.315,0.416,-1.04,-1.713,-2.055,-0.398,7.254,1.928,-2.563,True,False,False,True,False,False,False,False,False,False,False,False,True,False,False,3
2022-01-21,5,21,0.1,146,0.027349529609548916,0.4812,0.4316,0.3538,0.4148,0.4194,0.4593,0.417,0.4682,0.44,0.4379,0.4413,0.4501,0.0317,0.446,0.4362,0.369,0.945,-2.587,2.305,1.911,-0.499,-0.388,-0.207,-1.232,-1.032,-1.275,-1.564,7.403,0.342,-0.786,False,True,False,True,False,False,False,False,False,False,False,False,True,False,False,3
2022-02-22,5,22,0.1,147,0.03100448344620177,0.4692,0.4429,0.4355,0.4705,0.4774,0.4886,0.3848,0.3705,0.4292,0.4425,0.4435,0.4463,0.0204,0.4175,0.4622,0.627,-0.068,-0.32,0.96,-0.068,0.254,-0.436,-0.598,-0.546,-0.607,-0.405,-1.607,5.499,-0.136,-0.911,True,False,False,False,False,False,False,False,False,False,False,False,True,False,False,2
2022-03-23,5,23,0.1,148,0.041601764459483284,0.4504,0.4485,0.4493,0.3317,0.4284,0.4717,0.4296,0.2721,0.4515,0.4844,0.4105,0.4807,0.0387,0.489,0.4786,1.452,0.023,-1.37,3.328,-0.18,-0.907,-0.475,-3.016,-1.556,0.16,-1.83,0.166,8.365,1.216,-0.671,True,False,False,True,False,False,False,False,False,False,False,False,True,False,False,3
2022-04-22,5,24,0.1,149,0.04138461303826808,0.4574,0.4073,0.4741,0.3966,0.4167,0.465,0.3173,0.4204,0.4238,0.4498,0.4553,0.4353,0.0441,0.4484,0.4733,0.781,-1.469,0.179,1.126,0.513,-0.137,-0.998,-1.299,-0.67,-1.95,-0.454,-0.055,7.722,1.255,0.062,False,False,False,True,False,False,False,False,False,False,False,False,True,False,False,2
2022-05-11,6,0,0.1,150,0.026620529994653516,0.4715,0.4403,0.4638,0.4557,0.4772,0.4392,0.331,0.443,0.4095,0.4507,0.4178,0.4543,0.0392,0.372,0.4664,-1.086,-1.038,0.362,1.984,0.999,-0.393,-3.509,-1.104,-2.408,-1.69,-2.823,-0.438,12.248,3.363,-0.773,False,True,False,True,False,False,False,False,False,False,False,False,True,True,False,4
2022-06-10,6,1,0.1,151,0.03678439911483067,0.4649,0.466,0.4587,0.4189,0.4942,0.4038,0.4352,0.4523,0.4837,0.4211,0.4736,0.4462,0.0134,0.475,0.4814,0.37,-0.833,-0.486,1.768,0.91,-1.812,-1.973,-0.435,-0.267,-3.429,0.069,1.857,9.878,2.601,0.763,True,False,False,False,False,False,False,False,False,False,False,False,True,False,False,2
2022-07-13,6,2,0.1,152,0.06182695048837981,0.4003,0.4632,0.4085,0.2566,0.4351,0.4777,0.4269,0.4458,0.454,0.3748,0.3899,0.3979,0.1539,0.4049,0.4004,-0.981,0.806,0.538,0.979,0.351,0.51,0.648,-0.048,0.287,-0.674,0.916,0.863,2.87,0.817,1.184,False,False,True,True,False,True,False,False,False,False,False,False,True,False,False,4
2022-08-11,6,3,0.1,153,0.04057345632812579,0.456,0.4415,0.4301,0.3213,0.4323,0.4444,0.4589,0.4767,0.4049,0.4185,0.4428,0.2927,0.1475,0.3343,0.4182,1.404,1.187,0.944,0.871,0.274,0.328,-0.522,0.51,-0.487,0.788,0.194,3.344,2.019,-0.302,0.036,False,False,False,True,False,False,False,True,False,False,False,True,True,False,False,4
2022-09-12,6,4,0.1,154,0.03309308206487489,0.4295,0.4676,0.4506,0.3702,0.449,0.4663,0.505,0.4936,0.4635,0.3407,0.3917,0.3138,0.11,0.3091,0.4169,-0.665,1.93,-0.366,2.258,1.719,1.382,2.27,1.541,1.254,-1.324,-0.922,-0.409,1.856,-1.204,0.274,False,True,False,True,False,False,True,True,False,False,False,True,True,False,False,6
2022-10-11,6,5,0.1,155,0.04030651110298989,0.4542,0.4321,0.4644,0.3456,0.4124,0.453,0.4546,0.4752,0.4576,0.4213,0.4479,0.4041,0.063,0.3559,0.3565,1.48,0.251,-0.208,-0.755,-1.15,-0.34,0.422,1.626,0.55,1.455,-1.071,2.641,3.849,1.243,-1.211,True,False,False,True,False,False,False,True,False,False,False,True,True,False,False,5
2022-11-09,6,6,0.1,156,0.02304348730384361,0.4632,0.4161,0.4634,0.2492,0.4358,0.4439,0.4551,0.4585,0.4436,0.4028,0.4263,0.3972,0.102,0.3884,0.3976,2.223,1.122,0.415,-1.639,-0.316,-1.463,0.587,1.362,-0.326,0.038,2.742,1.539,4.134,1.065,-3.202,True,False,True,False,False,False,False,True,False,False,False,False,True,False,False,4
2022-12-09,6,7,0.1,157,0.024027536110951816,0.4615,0.3954,0.4453,0.2986,0.4389,0.4234,0.4742,0.4778,0.4476,0.455,0.4749,0.3687,0.1034,0.3573,0.3546,0.206,-2.023,0.85,-0.549,-0.392,-1.538,0.865,0.494,0.993,1.347,2.058,2.387,5.798,1.158,-3.34,False,False,True,False,False,False,True,False,False,False,True,False,True,False,False,4
2023-01-11,6,8,0.1,158,0.03636765975987681,0.4567,0.4059,0.4605,0.3411,0.4708,0.4636,0.395,0.4641,0.4288,0.405,0.4047,0.3198,0.1615,0.4044,0.3402,-1.138,-1.491,0.443,1.174,1.506,-0.029,1.354,1.728,-0.14,2.229,0.427,0.523,5.99,1.564,-2.799,False,False,False,False,True,False,True,True,False,True,False,False,True,False,False,5
2023-02-10,6,9,0.1,159,0.021320407435132287,0.452,0.4288,0.464,0.3732,0.4463,0.4577,0.4584,0.4794,0.4269,0.4397,0.414,0.2832,0.1126,0.4,0.3516,-0.84,-1.57,-0.248,2.155,1.258,0.371,1.416,0.756,0.59,0.686,0.866,1.399,4.852,0.871,-1.86,False,False,False,True,False,False,True,True,False,True,False,False,True,False,False,5
2023-03-14,6,10,0.1,160,0.019064480229249493,0.4462,0.3971,0.4645,0.3757,0.4376,0.4477,0.4627,0.4625,0.4369,0.4048,0.4124,0.3118,0.1502,0.3267,0.3714,-1.219,-0.851,-0.549,0.271,2.063,-0.079,2.969,0.898,0.364,0.974,0.875,0.202,3.981,1.21,-2.491,False,False,False,False,True,False,True,True,False,True,False,False,True,False,False,5
2023-04-13,6,11,0.1,161,0.029942153075914035,0.4367,0.3675,0.4327,0.394,0.4704,0.4459,0.482,0.4552,0.4175,0.3934,0.4079,0.3561,0.2287,0.1987,0.3838,-1.129,-0.128,-0.665,0.361,1.068,0.645,1.741,0.93,-0.132,-0.139,0.329,-0.98,4.043,1.241,-1.721,False,False,False,False,True,False,True,False,False,False,True,False,True,False,False,4
2023-05-12,6,12,0.1,162,0.04705211625598356,0.4033,0.3788,0.4356,0.4262,0.4149,0.4694,0.4094,0.4351,0.3773,0.3886,0.4296,0.414,0.1291,0.3734,0.4391,0.41,-1.524,-1.478,0.263,-1.065,-0.465,0.718,-0.32,-2.592,2.663,2.409,1.182,6.501,1.059,-1.848,False,False,False,False,True,False,True,False,False,True,False,True,True,False,False,5
2023-06-13,6,13,0.1,163,0.03263913557061616,0.433,0.438,0.4051,0.3279,0.3728,0.4914,0.3722,0.4427,0.3722,0.3749,0.472,0.3981,0.1493,0.4319,0.4462,-0.317,-0.233,-2.772,-0.291,-1.452,1.537,-0.24,0.075,-1.595,2.167,3.74,0.908,7.753,2.406,-1.215,False,False,False,False,False,True,False,True,False,False,True,False,True,False,False,4
2023-07-14,6,14,0.1,164,0.03564510946499134,0.3651,0.4115,0.4223,0.396,0.4009,0.474,0.4,0.4864,0.4291,0.3755,0.4329,0.4119,0.1419,0.3547,0.4033,0.305,-0.268,-0.737,0.574,0.004,0.805,1.615,1.377,-0.647,1.488,0.905,-0.138,2.912,1.596,-1.007,False,False,False,False,False,True,False,True,False,True,False,False,True,False,False,4
2023-08-14,6,15,0.1,165,0.019749448266985006,0.3528,0.3997,0.4439,0.4085,0.4136,0.4879,0.4155,0.447,0.4434,0.4205,0.3885,0.4113,0.157,0.3248,0.4105,-0.724,-0.381,-0.357,1.406,-1.23,1.254,1.119,1.17,0.094,0.706,0.913,-0.148,3.989,2.666,-1.496,False,False,False,True,False,True,False,True,False,False,True,False,True,True,False,6
2023-09-13,6,16,0.1,166,0.024040748730249955,0.3657,0.422,0.423,0.4285,0.3778,0.4394,0.4151,0.4705,0.465,0.445,0.3992,0.4158,0.1024,0.3662,0.4293,0.022,-0.58,-0.528,1.056,-0.817,-0.708,0.555,0.989,0.659,0.854,0.895,-0.544,5.118,1.389,-1.405,True,False,False,True,False,False,False,False,True,True,False,False,True,True,False,6
2023-10-12,6,17,0.1,167,0.01311907845731636,0.4055,0.4363,0.4191,0.4127,0.3896,0.4491,0.4114,0.4536,0.4499,0.4272,0.4111,0.4088,0.0975,0.3836,0.4359,0.472,-0.505,-1.125,0.394,-0.875,-0.063,0.507,0.449,0.286,0.646,1.478,-0.485,5.765,2.094,-0.436,True,False,False,False,False,True,False,True,False,True,False,False,True,True,False,6
2023-11-10,6,18,0.1,168,0.020568978602811098,0.4433,0.4174,0.4165,0.4003,0.3984,0.4565,0.3924,0.4735,0.4751,0.4296,0.4134,0.4404,0.0994,0.2978,0.4684,0.403,-0.434,-0.813,-0.755,-1.959,-0.043,0.101,0.478,1.671,2.042,2.128,0.422,4.573,2.188,0.056,False,False,False,False,False,True,False,False,True,True,True,False,True,True,False,6
2023-12-12,6,19,0.1,169,0.021545878784785474,0.4041,0.4196,0.4269,0.3913,0.3996,0.4394,0.3913,0.4581,0.4459,0.4767,0.4908,0.4056,0.0785,0.3092,0.4755,-0.788,0.267,-0.475,-0.936,-0.682,-1.257,-0.617,0.75,0.331,3.172,2.387,0.539,3.13,1.287,0.093,False,False,False,False,True,False,False,True,False,True,True,False,True,False,False,5
2024-01-12,6,20,0.1,170,0.02232410146859478,0.3715,0.404,0.3949,0.422,0.4174,0.4991,0.3926,0.434,0.4607,0.5074,0.4776,0.4222,0.069,0.3293,0.4594,-0.662,-0.175,-1.341,0.226,-0.875,1.583,-1.087,-0.181,0.364,2.581,2.417,-0.178,3.086,2.083,-0.593,False,False,False,False,False,True,False,False,False,True,True,False,True,False,False,4
2024-02-13,6,21,0.1,171,0.013309254950258387,0.3706,0.4148,0.4439,0.4129,0.4115,0.5018,0.4043,0.4748,0.4656,0.4993,0.4412,0.4222,0.0639,0.3249,0.4495,-0.456,0.876,-0.455,-0.123,-1.17,1.222,-0.965,0.995,0.116,2.466,0.892,-0.055,4.61,0.975,-0.472,False,False,False,False,False,True,False,True,False,True,True,False,True,False,False,5
2024-03-14,6,22,0.1,172,0.024177540127656535,0.4128,0.3888,0.4257,0.4386,0.4578,0.4968,0.4141,0.4235,0.4396,0.458,0.4568,0.412,0.0526,0.345,0.4358,-0.468,-0.57,-0.569,0.627,0.923,1.665,-0.418,-0.397,-0.342,0.832,0.783,-0.324,3.75,0.6,-0.458,False,False,False,True,False,True,False,True,False,False,True,False,True,False,False,5
2024-04-15,6,23,0.1,173,0.01979032721523558,0.4023,0.3477,0.4409,0.4097,0.4226,0.4802,0.4536,0.436,0.4718,0.4854,0.4638,0.4245,0.0504,0.3405,0.4471,-0.476,-0.048,-0.034,0.034,-0.308,1.0,0.418,0.089,0.35,2.432,2.209,-0.61,2.211,-0.083,-0.549,False,False,False,True,False,True,False,True,False,True,True,False,True,False,True,7
2024-05-14,6,24,0.1,174,0.02452927315699693,0.4628,0.4024,0.4541,0.4233,0.4525,0.4758,0.4938,0.4278,0.4588,0.4647,0.4688,0.4709,0.0245,0.3156,0.4542,0.025,-0.605,-0.08,-0.394,-0.739,0.212,1.143,-0.519,0.319,0.314,-0.204,-0.025,5.364,0.294,-0.09,False,False,False,False,False,True,True,False,False,True,False,True,True,False,False,5
2024-06-03,7,0,0.1,175,0.02602911880915146,0.4721,0.467,0.4423,0.4058,0.4508,0.4458,0.4543,0.4478,0.4194,0.4807,0.465,0.4419,0.0402,0.2451,0.4758,0.417,0.547,0.831,-0.768,-0.008,-0.286,0.466,-0.187,0.987,0.646,-0.35,-0.077,3.633,0.098,0.325,False,True,False,False,False,False,True,False,True,True,False,False,True,False,False,5
2024-07-03,7,1,0.1,176,0.02393639855242383,0.4665,0.414,0.4515,0.4477,0.4515,0.4202,0.4948,0.4606,0.5002,0.4745,0.4615,0.4299,0.0211,0.277,0.4594,0.097,-0.501,0.072,-0.716,-0.321,-0.761,0.902,0.139,1.262,0.321,-0.087,-0.758,2.977,-0.019,0.721,False,False,False,False,False,True,True,False,True,True,False,False,True,False,False,5
2024-08-02,7,2,0.1,177,0.017049374566283897,0.459,0.4294,0.4629,0.446,0.4843,0.4402,0.4861,0.4594,0.4699,0.4675,0.465,0.4448,0.0167,0.3656,0.4508,-0.788,-0.845,-0.123,-0.679,0.006,-0.569,0.022,-0.597,0.737,0.484,-0.121,-0.079,5.075,1.085,0.867,False,False,False,False,False,True,True,False,False,True,False,False,True,False,False,4
2024-09-03,7,3,0.1,178,0.027260242609348503,0.4582,0.4348,0.4297,0.3979,0.4326,0.4357,0.4805,0.4421,0.4508,0.4604,0.4528,0.419,0.0584,0.2373,0.4588,0.207,-1.069,-0.251,-0.818,-0.722,-0.478,1.136,0.109,0.902,0.393,-0.278,-0.174,3.316,1.626,-0.039,False,False,False,False,False,False,True,False,True,True,False,False,True,False,False,4
2024-10-02,7,4,0.1,179,0.024021258096638267,0.478,0.4457,0.4483,0.3853,0.4548,0.4664,0.4784,0.4214,0.4564,0.4434,0.4798,0.4768,0.0284,0.317,0.4531,0.372,-0.625,0.206,-0.931,-0.307,0.039,0.436,0.04,0.275,-0.198,0.202,0.377,3.313,1.25,0.92,False,False,False,False,False,False,True,False,True,True,False,False,True,False,True,5
2024-10-31,7,5,0.1,180,0.0335156423459672,0.4742,0.4365,0.4185,0.4525,0.4579,0.426,0.4566,0.4867,0.4119,0.4491,0.3706,0.4383,0.0414,0.335,0.4864,0.702,-0.296,0.338,0.017,-0.458,-1.14,0.132,0.929,1.143,-0.234,-1.487,-0.463,3.409,0.956,0.424,False,False,False,False,False,False,False,False,True,False,False,False,True,False,True,3
2024-12-02,7,6,0.1,181,0.02836718672908896,0.4837,0.4346,0.4743,0.421,0.458,0.4262,0.4782,0.449,0.4409,0.3756,0.4288,0.4051,0.0351,0.3163,0.4381,0.302,0.104,0.42,-0.384,-0.341,-0.521,0.02,-0.368,0.736,-0.98,-0.715,-0.547,2.512,0.61,-0.62,False,False,True,False,False,False,False,False,True,False,False,True,True,False,False,4
2025-01-02,7,7,0.1,182,0.032343916325434,0.3936,0.4126,0.4481,0.4463,0.4662,0.4584,0.4855,0.4368,0.4783,0.4565,0.436,0.4741,0.0274,0.2794,0.4609,-0.931,-0.626,-0.049,-0.083,-0.27,-0.541,0.487,-0.356,0.471,-0.367,-0.51,0.086,3.782,0.411,0.057,False,False,False,False,False,True,False,False,True,False,False,True,True,False,False,4
2025-02-03,7,8,0.1,183,0.01859308709023938,0.4701,0.4112,0.4458,0.4197,0.4713,0.4563,0.4901,0.474,0.4771,0.4811,0.4829,0.4519,0.0203,0.2641,0.4668,0.155,-1.416,0.521,-0.33,0.041,-0.638,0.911,-0.214,0.581,0.722,0.46,-0.551,4.385,0.397,-0.099,False,False,True,False,False,True,True,False,False,False,False,True,True,False,False,5
2025-03-05,7,9,0.1,184,0.012140980015882328,0.44,0.426,0.4484,0.4108,0.4732,0.4627,0.4801,0.4654,0.4791,0.4673,0.4501,0.4736,0.0267,0.258,0.4507,-0.738,-1.306,0.11,-0.981,-0.377,-0.939,0.288,-0.275,0.793,0.347,-0.534,0.297,4.771,2.616,-0.004,False,False,False,False,False,False,True,False,True,True,False,False,True,False,False,4
2025-04-03,7,10,0.1,185,0.02223204157325228,0.4644,0.4174,0.4681,0.432,0.4751,0.4549,0.4783,0.4476,0.4811,0.386,0.3807,0.4489,0.0308,0.3034,0.4474,0.304,-0.908,0.018,0.124,-0.182,-0.335,0.726,0.454,0.451,-0.869,-1.138,-0.142,2.213,0.249,1.053,False,False,False,False,False,True,True,False,False,False,False,False,True,False,False,3
2025-05-05,7,11,0.1,186,0.03615789312841877,0.3671,0.3824,0.4453,0.4349,0.3962,0.4674,0.4997,0.4831,0.4813,0.4875,0.4601,0.4549,0.0293,0.3271,0.4712,0.428,-0.111,0.881,-0.802,-1.188,-0.312,0.657,0.415,0.717,0.512,-0.248,-0.339,4.377,-0.63,0.56,False,False,True,False,False,True,True,False,False,True,False,False,True,False,False,5
2025-06-04,7,12,0.1,187,0.06825372960082467,0.1396,0.3248,0.449,0.4489,0.4322,0.444,0.4169,0.4694,0.407,0.3849,0.4058,0.483,0.2097,0.4379,0.4566,0.508,-0.343,0.13,-0.094,-0.668,-0.144,0.069,-0.068,0.01,0.069,-0.213,0.572,2.625,0.094,0.482,False,False,True,False,False,False,False,False,False,False,False,True,True,False,False,3
2025-07-04,7,13,0.1,188,0.05034724803383037,0.3633,0.3649,0.4362,0.3728,0.3526,0.4862,0.4493,0.4415,0.4436,0.379,0.4184,0.4685,0.1352,0.3846,0.4336,0.175,0.308,0.347,-0.108,-0.862,0.271,-0.203,-0.65,-0.244,0.484,-0.286,-0.229,3.095,0.379,0.664,False,False,True,False,False,False,False,False,False,False,False,False,True,False,False,2
2025-08-04,7,14,0.1,189,0.061051879153113046,0.1622,0.4535,0.4188,0.354,0.3064,0.4345,0.4788,0.4397,0.4536,0.3246,0.4646,0.369,0.3249,0.3406,0.4504,0.752,0.17,0.218,0.365,-0.582,0.42,0.238,-0.078,-0.11,-0.522,-0.225,-0.475,1.153,-1.211,0.002,False,False,True,False,False,True,False,False,False,False,False,False,True,False,False,3
2025-09-03,7,15,0.1,190,0.05115340715288001,0.3224,0.3577,0.4355,0.3042,0.3283,0.3926,0.4478,0.473,0.425,0.3433,0.4368,0.4657,0.2567,0.3914,0.4243,0.744,0.968,-0.039,-0.955,-1.444,-0.675,-0.086,-0.344,0.014,0.774,-0.015,0.051,2.732,-0.607,0.993,False,True,False,False,False,True,False,False,False,False,False,False,True,False,True,4
2025-10-02,7,16,0.1,191,0.05462069768906696,0.2258,0.4388,0.4571,0.3259,0.3927,0.4951,0.4735,0.4342,0.3969,0.4281,0.4675,0.4107,0.1492,0.3466,0.4401,1.105,0.363,0.479,-0.034,-0.323,0.201,-0.061,-0.6,-0.323,0.304,-0.126,0.595,1.664,-1.599,0.915,False,True,True,False,False,False,False,False,False,False,True,False,True,False,False,4
2025-10-31,7,17,0.1,192,0.04144300199801719,0.1843,0.369,0.443,0.4195,0.41,0.4518,0.3588,0.4762,0.3754,0.4506,0.4567,0.4244,0.1964,0.3808,0.4754,1.487,1.364,1.217,-0.243,-0.613,-0.17,-1.542,-0.125,-0.893,0.509,-0.158,-0.088,2.153,-0.695,0.488,False,True,True,False,False,False,False,True,False,False,False,False,True,False,False,4
2025-12-02,7,18,0.1,193,0.04862649846690566,0.2485,0.3,0.4355,0.4024,0.3227,0.4467,0.437,0.39,0.416,0.374,0.4213,0.4431,0.3142,0.4058,0.4749,1.078,1.75,0.744,-1.352,-1.701,0.541,0.047,-0.903,-0.435,0.119,-0.28,0.171,2.775,-0.308,0.722,False,False,True,False,False,True,False,False,False,False,False,False,True,False,False,3
2026-01-02,7,19,0.1,194,0.050169280311138716,0.1853,0.4042,0.4357,0.4589,0.4014,0.4642,0.3858,0.4742,0.4476,0.4165,0.4033,0.4249,0.1595,0.4257,0.4632,2.862,1.957,0.776,-0.24,-0.807,-0.142,-1.882,-0.192,-0.392,1.286,-1.198,-0.462,3.662,-1.533,1.178,True,False,True,False,False,True,False,False,False,False,False,False,True,False,True,5
2026-02-03,7,20,0.1,195,0.04639306709041657,0.1909,0.3818,0.4558,0.427,0.4575,0.4696,0.3602,0.4666,0.4232,0.319,0.4171,0.4442,0.3361,0.2788,0.4206,2.089,1.618,1.886,-0.745,-0.365,0.463,-0.821,-0.204,-0.4,-0.493,-0.465,-0.917,1.188,-0.835,0.724,False,True,True,False,False,False,False,False,False,False,False,False,True,False,True,4
2026-03-05,7,21,0.1,196,0.055849105222347734,0.1447,0.409,0.4316,0.3156,0.343,0.4882,0.3965,0.4791,0.4565,0.4181,0.4519,0.3887,0.3423,0.4652,0.3892,2.407,2.173,2.504,-1.877,-0.964,0.378,-0.824,-0.312,-0.012,-0.717,-0.884,-0.677,1.307,0.789,1.999,False,False,True,False,False,False,False,False,False,False,False,False,True,False,True,3
2026-04-06,7,22,0.1,197,0.05456464023898531,0.1593,0.3414,0.4567,0.4475,0.486,0.4806,0.392,0.4105,0.4254,0.3928,0.3969,0.3976,0.2379,0.4149,0.4697,2.37,1.805,1.888,-0.611,0.651,-0.041,-1.311,-0.839,-0.459,0.043,-0.635,-0.761,1.267,-0.952,1.486,True,False,True,False,True,False,False,False,False,False,False,False,True,False,True,5
2026-05-05,7,23,0.1,198,0.04959305316638789,0.2178,0.3838,0.4026,0.3136,0.4145,0.458,0.4428,0.4635,0.4288,0.3922,0.493,0.4608,0.2149,0.3457,0.4681,1.55,1.869,2.192,-1.336,-0.378,-0.084,-0.716,-0.192,-0.083,0.088,1.102,0.911,0.362,-1.562,0.752,True,False,True,False,False,False,False,False,False,False,True,False,True,False,True,5
2026-06-04,7,24,0.1,199,0.05265598385406235,0.3087,0.4012,0.454,0.3564,0.4416,0.4324,0.4645,0.4722,0.4134,0.2544,0.4406,0.4226,0.2303,0.461,0.3385,-0.011,0.552,0.209,0.315,0.275,0.309,0.084,0.087,-0.476,-0.255,0.574,0.278,0.246,0.202,0.138,False,False,False,False,False,True,True,False,False,False,False,True,True,False,False,4
