date,event,scheduled,source
2005-01-07,nfp,True,FRED vintage PAYEMS
2005-01-19,cpi,True,FRED vintage CPIAUCNS
2005-02-02,fomc,True,February 1-2 Meeting - 2005
2005-02-04,nfp,True,FRED vintage PAYEMS
2005-02-23,cpi,True,FRED vintage CPIAUCNS
2005-03-04,nfp,True,FRED vintage PAYEMS
2005-03-22,fomc,True,March 22 Meeting - 2005
2005-03-23,cpi,True,FRED vintage CPIAUCNS
2005-04-01,nfp,True,FRED vintage PAYEMS
2005-04-20,cpi,True,FRED vintage CPIAUCNS
2005-05-03,fomc,True,May 3 Meeting - 2005
2005-05-06,nfp,True,FRED vintage PAYEMS
2005-05-18,cpi,True,FRED vintage CPIAUCNS
2005-06-03,nfp,True,FRED vintage PAYEMS
2005-06-15,cpi,True,FRED vintage CPIAUCNS
2005-06-30,fomc,True,June 29-30 Meeting - 2005
2005-07-08,nfp,True,FRED vintage PAYEMS
2005-07-14,cpi,True,FRED vintage CPIAUCNS
2005-08-05,nfp,True,FRED vintage PAYEMS
2005-08-09,fomc,True,August 9 Meeting - 2005
2005-08-16,cpi,True,FRED vintage CPIAUCNS
2005-09-02,nfp,True,FRED vintage PAYEMS
2005-09-15,cpi,True,FRED vintage CPIAUCNS
2005-09-20,fomc,True,September 20 Meeting - 2005
2005-10-07,nfp,True,FRED vintage PAYEMS
2005-10-14,cpi,True,FRED vintage CPIAUCNS
2005-11-01,fomc,True,November 1 Meeting - 2005
2005-11-04,nfp,True,FRED vintage PAYEMS
2005-11-16,cpi,True,FRED vintage CPIAUCNS
2005-12-02,nfp,True,FRED vintage PAYEMS
2005-12-13,fomc,True,December 13 Meeting - 2005
2005-12-15,cpi,True,FRED vintage CPIAUCNS
2006-01-06,nfp,True,FRED vintage PAYEMS
2006-01-18,cpi,True,FRED vintage CPIAUCNS
2006-01-31,fomc,True,January 31 Meeting - 2006
2006-02-03,nfp,True,FRED vintage PAYEMS
2006-02-22,cpi,True,FRED vintage CPIAUCNS
2006-03-10,nfp,True,FRED vintage PAYEMS
2006-03-16,cpi,True,FRED vintage CPIAUCNS
2006-03-28,fomc,True,March 27-28 Meeting - 2006
2006-04-07,nfp,True,FRED vintage PAYEMS
2006-04-19,cpi,True,FRED vintage CPIAUCNS
2006-05-05,nfp,True,FRED vintage PAYEMS
2006-05-10,fomc,True,May 10 Meeting - 2006
2006-05-17,cpi,True,FRED vintage CPIAUCNS
2006-06-02,nfp,True,FRED vintage PAYEMS
2006-06-14,cpi,True,FRED vintage CPIAUCNS
2006-06-29,fomc,True,June 28-29 Meeting - 2006
2006-07-07,nfp,True,FRED vintage PAYEMS
2006-07-19,cpi,True,FRED vintage CPIAUCNS
2006-08-04,nfp,True,FRED vintage PAYEMS
2006-08-08,fomc,True,August 8 Meeting - 2006
2006-08-16,cpi,True,FRED vintage CPIAUCNS
2006-09-01,nfp,True,FRED vintage PAYEMS
2006-09-15,cpi,True,FRED vintage CPIAUCNS
2006-09-20,fomc,True,September 20 Meeting - 2006
2006-10-06,nfp,True,FRED vintage PAYEMS
2006-10-18,cpi,True,FRED vintage CPIAUCNS
2006-10-25,fomc,True,October 24-25 Meeting - 2006
2006-11-03,nfp,True,FRED vintage PAYEMS
2006-11-16,cpi,True,FRED vintage CPIAUCNS
2006-12-08,nfp,True,FRED vintage PAYEMS
2006-12-12,fomc,True,December 12 Meeting - 2006
2006-12-15,cpi,True,FRED vintage CPIAUCNS
2007-01-05,nfp,True,FRED vintage PAYEMS
2007-01-18,cpi,True,FRED vintage CPIAUCNS
2007-01-31,fomc,True,January 30-31 Meeting - 2007
2007-02-02,nfp,True,FRED vintage PAYEMS
2007-02-21,cpi,True,FRED vintage CPIAUCNS
2007-03-09,nfp,True,FRED vintage PAYEMS
2007-03-16,cpi,True,FRED vintage CPIAUCNS
2007-03-21,fomc,True,March 20-21 Meeting - 2007
2007-04-06,nfp,True,FRED vintage PAYEMS
2007-04-17,cpi,True,FRED vintage CPIAUCNS
2007-05-04,nfp,True,FRED vintage PAYEMS
2007-05-09,fomc,True,May 9 Meeting - 2007
2007-05-15,cpi,True,FRED vintage CPIAUCNS
2007-06-01,nfp,True,FRED vintage PAYEMS
2007-06-15,cpi,True,FRED vintage CPIAUCNS
2007-06-28,fomc,True,June 27-28 Meeting - 2007
2007-07-06,nfp,True,FRED vintage PAYEMS
2007-07-18,cpi,True,FRED vintage CPIAUCNS
2007-08-03,nfp,True,FRED vintage PAYEMS
2007-08-07,fomc,True,August 7 Meeting - 2007
2007-08-15,cpi,True,FRED vintage CPIAUCNS
2007-09-07,nfp,True,FRED vintage PAYEMS
2007-09-18,fomc,True,September 18 Meeting - 2007
2007-09-19,cpi,True,FRED vintage CPIAUCNS
2007-10-05,nfp,True,FRED vintage PAYEMS
2007-10-17,cpi,True,FRED vintage CPIAUCNS
2007-10-31,fomc,True,October 30-31 Meeting - 2007
2007-11-02,nfp,True,FRED vintage PAYEMS
2007-11-15,cpi,True,FRED vintage CPIAUCNS
2007-12-07,nfp,True,FRED vintage PAYEMS
2007-12-11,fomc,True,December 11 Meeting - 2007
2007-12-14,cpi,True,FRED vintage CPIAUCNS
2008-01-04,nfp,True,FRED vintage PAYEMS
2008-01-16,cpi,True,FRED vintage CPIAUCNS
2008-01-30,fomc,True,January 29-30 Meeting - 2008
2008-02-01,nfp,True,FRED vintage PAYEMS
2008-02-20,cpi,True,FRED vintage CPIAUCNS
2008-03-07,nfp,True,FRED vintage PAYEMS
2008-03-14,cpi,True,FRED vintage CPIAUCNS
2008-03-18,fomc,True,March 18 Meeting - 2008
2008-04-04,nfp,True,FRED vintage PAYEMS
2008-04-16,cpi,True,FRED vintage CPIAUCNS
2008-04-30,fomc,True,April 29-30 Meeting - 2008
2008-05-02,nfp,True,FRED vintage PAYEMS
2008-05-14,cpi,True,FRED vintage CPIAUCNS
2008-06-06,nfp,True,FRED vintage PAYEMS
2008-06-13,cpi,True,FRED vintage CPIAUCNS
2008-06-25,fomc,True,June 24-25 Meeting - 2008
2008-07-03,nfp,True,FRED vintage PAYEMS
2008-07-16,cpi,True,FRED vintage CPIAUCNS
2008-08-01,nfp,True,FRED vintage PAYEMS
2008-08-05,fomc,True,August 5 Meeting - 2008
2008-08-14,cpi,True,FRED vintage CPIAUCNS
2008-09-05,nfp,True,FRED vintage PAYEMS
2008-09-16,cpi,True,FRED vintage CPIAUCNS
2008-09-16,fomc,True,September 16 Meeting - 2008
2008-10-03,nfp,True,FRED vintage PAYEMS
2008-10-16,cpi,True,FRED vintage CPIAUCNS
2008-10-29,fomc,True,October 28-29 Meeting - 2008
2008-11-07,nfp,True,FRED vintage PAYEMS
2008-11-19,cpi,True,FRED vintage CPIAUCNS
2008-12-05,nfp,True,FRED vintage PAYEMS
2008-12-16,cpi,True,FRED vintage CPIAUCNS
2008-12-16,fomc,True,December 15-16 Meeting - 2008
2009-01-09,nfp,True,FRED vintage PAYEMS
2009-01-16,cpi,True,FRED vintage CPIAUCNS
2009-01-28,fomc,True,January 27-28 Meeting - 2009
2009-02-06,nfp,True,FRED vintage PAYEMS
2009-02-20,cpi,True,FRED vintage CPIAUCNS
2009-03-06,nfp,True,FRED vintage PAYEMS
2009-03-18,cpi,True,FRED vintage CPIAUCNS
2009-03-18,fomc,True,March 17-18 Meeting - 2009
2009-04-03,nfp,True,FRED vintage PAYEMS
2009-04-15,cpi,True,FRED vintage CPIAUCNS
2009-04-29,fomc,True,April 28-29 Meeting - 2009
2009-05-08,nfp,True,FRED vintage PAYEMS
2009-05-15,cpi,True,FRED vintage CPIAUCNS
2009-06-05,nfp,True,FRED vintage PAYEMS
2009-06-17,cpi,True,FRED vintage CPIAUCNS
2009-06-24,fomc,True,June 23-24 Meeting - 2009
2009-07-02,nfp,True,FRED vintage PAYEMS
2009-07-15,cpi,True,FRED vintage CPIAUCNS
2009-08-07,nfp,True,FRED vintage PAYEMS
2009-08-12,fomc,True,August 11-12 Meeting - 2009
2009-08-14,cpi,True,FRED vintage CPIAUCNS
2009-09-04,nfp,True,FRED vintage PAYEMS
2009-09-16,cpi,True,FRED vintage CPIAUCNS
2009-09-23,fomc,True,September 22-23 Meeting - 2009
2009-10-02,nfp,True,FRED vintage PAYEMS
2009-10-15,cpi,True,FRED vintage CPIAUCNS
2009-11-04,fomc,True,November 3-4 Meeting - 2009
2009-11-06,nfp,True,FRED vintage PAYEMS
2009-11-18,cpi,True,FRED vintage CPIAUCNS
2009-12-04,nfp,True,FRED vintage PAYEMS
2009-12-16,cpi,True,FRED vintage CPIAUCNS
2009-12-16,fomc,True,December 15-16 Meeting - 2009
2010-01-08,nfp,True,FRED vintage PAYEMS
2010-01-15,cpi,True,FRED vintage CPIAUCNS
2010-01-27,fomc,True,January 26-27 Meeting - 2010
2010-02-05,nfp,True,FRED vintage PAYEMS
2010-02-19,cpi,True,FRED vintage CPIAUCNS
2010-03-05,nfp,True,FRED vintage PAYEMS
2010-03-16,fomc,True,March 16 Meeting - 2010
2010-03-18,cpi,True,FRED vintage CPIAUCNS
2010-04-02,nfp,True,FRED vintage PAYEMS
2010-04-14,cpi,True,FRED vintage CPIAUCNS
2010-04-28,fomc,True,April 27-28 Meeting - 2010
2010-05-07,nfp,True,FRED vintage PAYEMS
2010-05-19,cpi,True,FRED vintage CPIAUCNS
2010-06-04,nfp,True,FRED vintage PAYEMS
2010-06-17,cpi,True,FRED vintage CPIAUCNS
2010-06-23,fomc,True,June 22-23 Meeting - 2010
2010-07-02,nfp,True,FRED vintage PAYEMS
2010-07-16,cpi,True,FRED vintage CPIAUCNS
2010-08-06,nfp,True,FRED vintage PAYEMS
2010-08-10,fomc,True,August 10 Meeting - 2010
2010-08-13,cpi,True,FRED vintage CPIAUCNS
2010-09-03,nfp,True,FRED vintage PAYEMS
2010-09-17,cpi,True,FRED vintage CPIAUCNS
2010-09-21,fomc,True,September 21 Meeting - 2010
2010-10-08,nfp,True,FRED vintage PAYEMS
2010-10-15,cpi,True,FRED vintage CPIAUCNS
2010-11-03,fomc,True,November 2-3 Meeting - 2010
2010-11-05,nfp,True,FRED vintage PAYEMS
2010-11-17,cpi,True,FRED vintage CPIAUCNS
2010-12-03,nfp,True,FRED vintage PAYEMS
2010-12-14,fomc,True,December 14 Meeting - 2010
2010-12-15,cpi,True,FRED vintage CPIAUCNS
2011-01-07,nfp,True,FRED vintage PAYEMS
2011-01-14,cpi,True,FRED vintage CPIAUCNS
2011-01-26,fomc,True,January 25-26 Meeting - 2011
2011-02-04,nfp,True,FRED vintage PAYEMS
2011-02-17,cpi,True,FRED vintage CPIAUCNS
2011-03-04,nfp,True,FRED vintage PAYEMS
2011-03-15,fomc,True,March 15 Meeting - 2011
2011-03-17,cpi,True,FRED vintage CPIAUCNS
2011-04-01,nfp,True,FRED vintage PAYEMS
2011-04-15,cpi,True,FRED vintage CPIAUCNS
2011-04-27,fomc,True,April 26-27 Meeting - 2011
2011-05-06,nfp,True,FRED vintage PAYEMS
2011-05-13,cpi,True,FRED vintage CPIAUCNS
2011-06-03,nfp,True,FRED vintage PAYEMS
2011-06-15,cpi,True,FRED vintage CPIAUCNS
2011-06-22,fomc,True,June 21-22 Meeting - 2011
2011-07-08,nfp,True,FRED vintage PAYEMS
2011-07-15,cpi,True,FRED vintage CPIAUCNS
2011-08-05,nfp,True,FRED vintage PAYEMS
2011-08-09,fomc,True,August 9 Meeting - 2011
2011-08-18,cpi,True,FRED vintage CPIAUCNS
2011-09-02,nfp,True,FRED vintage PAYEMS
2011-09-15,cpi,True,FRED vintage CPIAUCNS
2011-09-21,fomc,True,September 20-21 Meeting - 2011
2011-10-07,nfp,True,FRED vintage PAYEMS
2011-10-19,cpi,True,FRED vintage CPIAUCNS
2011-11-02,fomc,True,November 1-2 Meeting - 2011
2011-11-04,nfp,True,FRED vintage PAYEMS
2011-11-16,cpi,True,FRED vintage CPIAUCNS
2011-12-02,nfp,True,FRED vintage PAYEMS
2011-12-13,fomc,True,December 13 Meeting - 2011
2011-12-16,cpi,True,FRED vintage CPIAUCNS
2012-01-06,nfp,True,FRED vintage PAYEMS
2012-01-19,cpi,True,FRED vintage CPIAUCNS
2012-01-25,fomc,True,January 24-25 Meeting - 2012
2012-02-03,nfp,True,FRED vintage PAYEMS
2012-02-17,cpi,True,FRED vintage CPIAUCNS
2012-03-09,nfp,True,FRED vintage PAYEMS
2012-03-13,fomc,True,March 13 Meeting - 2012
2012-03-16,cpi,True,FRED vintage CPIAUCNS
2012-04-06,nfp,True,FRED vintage PAYEMS
2012-04-13,cpi,True,FRED vintage CPIAUCNS
2012-04-25,fomc,True,April 24-25 Meeting - 2012
2012-05-04,nfp,True,FRED vintage PAYEMS
2012-05-15,cpi,True,FRED vintage CPIAUCNS
2012-06-01,nfp,True,FRED vintage PAYEMS
2012-06-14,cpi,True,FRED vintage CPIAUCNS
2012-06-20,fomc,True,June 19-20 Meeting - 2012
2012-07-06,nfp,True,FRED vintage PAYEMS
2012-07-17,cpi,True,FRED vintage CPIAUCNS
2012-08-01,fomc,True,July 31-August 1 Meeting - 2012
2012-08-03,nfp,True,FRED vintage PAYEMS
2012-08-15,cpi,True,FRED vintage CPIAUCNS
2012-09-07,nfp,True,FRED vintage PAYEMS
2012-09-13,fomc,True,September 12-13 Meeting - 2012
2012-09-14,cpi,True,FRED vintage CPIAUCNS
2012-10-05,nfp,True,FRED vintage PAYEMS
2012-10-16,cpi,True,FRED vintage CPIAUCNS
2012-10-24,fomc,True,October 23-24 Meeting - 2012
2012-11-02,nfp,True,FRED vintage PAYEMS
2012-11-15,cpi,True,FRED vintage CPIAUCNS
2012-12-07,nfp,True,FRED vintage PAYEMS
2012-12-12,fomc,True,December 11-12 Meeting - 2012
2012-12-14,cpi,True,FRED vintage CPIAUCNS
2013-01-04,nfp,True,FRED vintage PAYEMS
2013-01-16,cpi,True,FRED vintage CPIAUCNS
2013-01-30,fomc,True,January 29-30 Meeting - 2013
2013-02-01,nfp,True,FRED vintage PAYEMS
2013-02-21,cpi,True,FRED vintage CPIAUCNS
2013-03-08,nfp,True,FRED vintage PAYEMS
2013-03-15,cpi,True,FRED vintage CPIAUCNS
2013-03-20,fomc,True,March 19-20 Meeting - 2013
2013-04-05,nfp,True,FRED vintage PAYEMS
2013-04-16,cpi,True,FRED vintage CPIAUCNS
2013-05-01,fomc,True,April/May 30-1 Meeting - 2013
2013-05-03,nfp,True,FRED vintage PAYEMS
2013-05-16,cpi,True,FRED vintage CPIAUCNS
2013-06-07,nfp,True,FRED vintage PAYEMS
2013-06-18,cpi,True,FRED vintage CPIAUCNS
2013-06-19,fomc,True,June 18-19 Meeting - 2013
2013-07-05,nfp,True,FRED vintage PAYEMS
2013-07-16,cpi,True,FRED vintage CPIAUCNS
2013-07-31,fomc,True,July 30-31 Meeting - 2013
2013-08-02,nfp,True,FRED vintage PAYEMS
2013-08-15,cpi,True,FRED vintage CPIAUCNS
2013-09-06,nfp,True,FRED vintage PAYEMS
2013-09-17,cpi,True,FRED vintage CPIAUCNS
2013-09-18,fomc,True,September 17-18 Meeting - 2013
2013-10-16,fomc,False,October 16 (unscheduled) - 2013
2013-10-22,nfp,True,FRED vintage PAYEMS
2013-10-30,cpi,True,FRED vintage CPIAUCNS
2013-10-30,fomc,True,October 29-30 Meeting - 2013
2013-11-08,nfp,True,FRED vintage PAYEMS
2013-11-20,cpi,True,FRED vintage CPIAUCNS
2013-12-06,nfp,True,FRED vintage PAYEMS
2013-12-17,cpi,True,FRED vintage CPIAUCNS
2013-12-18,fomc,True,December 17-18 Meeting - 2013
2014-01-10,nfp,True,FRED vintage PAYEMS
2014-01-16,cpi,True,FRED vintage CPIAUCNS
2014-01-29,fomc,True,January 28-29 Meeting - 2014
2014-02-07,nfp,True,FRED vintage PAYEMS
2014-02-20,cpi,True,FRED vintage CPIAUCNS
2014-03-04,fomc,False,March 4 (unscheduled) - 2014
2014-03-07,nfp,True,FRED vintage PAYEMS
2014-03-18,cpi,True,FRED vintage CPIAUCNS
2014-03-19,fomc,True,March 18-19 Meeting - 2014
2014-04-04,nfp,True,FRED vintage PAYEMS
2014-04-15,cpi,True,FRED vintage CPIAUCNS
2014-04-30,fomc,True,April 29-30 Meeting - 2014
2014-05-02,nfp,True,FRED vintage PAYEMS
2014-05-15,cpi,True,FRED vintage CPIAUCNS
2014-06-06,nfp,True,FRED vintage PAYEMS
2014-06-17,cpi,True,FRED vintage CPIAUCNS
2014-06-18,fomc,True,June 17-18 Meeting - 2014
2014-07-03,nfp,True,FRED vintage PAYEMS
2014-07-22,cpi,True,FRED vintage CPIAUCNS
2014-07-30,fomc,True,July 29-30 Meeting - 2014
2014-08-01,nfp,True,FRED vintage PAYEMS
2014-08-19,cpi,True,FRED vintage CPIAUCNS
2014-09-05,nfp,True,FRED vintage PAYEMS
2014-09-17,cpi,True,FRED vintage CPIAUCNS
2014-09-17,fomc,True,September 16-17 Meeting - 2014
2014-10-03,nfp,True,FRED vintage PAYEMS
2014-10-22,cpi,True,FRED vintage CPIAUCNS
2014-10-29,fomc,True,October 28-29 Meeting - 2014
2014-11-07,nfp,True,FRED vintage PAYEMS
2014-11-20,cpi,True,FRED vintage CPIAUCNS
2014-12-05,nfp,True,FRED vintage PAYEMS
2014-12-17,cpi,True,FRED vintage CPIAUCNS
2014-12-17,fomc,True,December 16-17 Meeting - 2014
2015-01-09,nfp,True,FRED vintage PAYEMS
2015-01-16,cpi,True,FRED vintage CPIAUCNS
2015-01-28,fomc,True,January 27-28 Meeting - 2015
2015-02-06,nfp,True,FRED vintage PAYEMS
2015-02-26,cpi,True,FRED vintage CPIAUCNS
2015-03-06,nfp,True,FRED vintage PAYEMS
2015-03-18,fomc,True,March 17-18 Meeting - 2015
2015-03-24,cpi,True,FRED vintage CPIAUCNS
2015-04-03,nfp,True,FRED vintage PAYEMS
2015-04-17,cpi,True,FRED vintage CPIAUCNS
2015-04-29,fomc,True,April 28-29 Meeting - 2015
2015-05-08,nfp,True,FRED vintage PAYEMS
2015-05-22,cpi,True,FRED vintage CPIAUCNS
2015-06-05,nfp,True,FRED vintage PAYEMS
2015-06-17,fomc,True,June 16-17 Meeting - 2015
2015-06-18,cpi,True,FRED vintage CPIAUCNS
2015-07-02,nfp,True,FRED vintage PAYEMS
2015-07-17,cpi,True,FRED vintage CPIAUCNS
2015-07-29,fomc,True,July 28-29 Meeting - 2015
2015-08-07,nfp,True,FRED vintage PAYEMS
2015-08-19,cpi,True,FRED vintage CPIAUCNS
2015-09-04,nfp,True,FRED vintage PAYEMS
2015-09-16,cpi,True,FRED vintage CPIAUCNS
2015-09-17,fomc,True,September 16-17 Meeting - 2015
2015-10-02,nfp,True,FRED vintage PAYEMS
2015-10-15,cpi,True,FRED vintage CPIAUCNS
2015-10-28,fomc,True,October 27-28 Meeting - 2015
2015-11-06,nfp,True,FRED vintage PAYEMS
2015-11-17,cpi,True,FRED vintage CPIAUCNS
2015-12-04,nfp,True,FRED vintage PAYEMS
2015-12-15,cpi,True,FRED vintage CPIAUCNS
2015-12-16,fomc,True,December 15-16 Meeting - 2015
2016-01-08,nfp,True,FRED vintage PAYEMS
2016-01-20,cpi,True,FRED vintage CPIAUCNS
2016-01-27,fomc,True,January 26-27 Meeting - 2016
2016-02-05,nfp,True,FRED vintage PAYEMS
2016-02-19,cpi,True,FRED vintage CPIAUCNS
2016-03-04,nfp,True,FRED vintage PAYEMS
2016-03-16,cpi,True,FRED vintage CPIAUCNS
2016-03-16,fomc,True,March 15-16 Meeting - 2016
2016-04-01,nfp,True,FRED vintage PAYEMS
2016-04-14,cpi,True,FRED vintage CPIAUCNS
2016-04-27,fomc,True,April 26-27 Meeting - 2016
2016-05-06,nfp,True,FRED vintage PAYEMS
2016-05-17,cpi,True,FRED vintage CPIAUCNS
2016-06-03,nfp,True,FRED vintage PAYEMS
2016-06-15,fomc,True,June 14-15 Meeting - 2016
2016-06-16,cpi,True,FRED vintage CPIAUCNS
2016-07-08,nfp,True,FRED vintage PAYEMS
2016-07-15,cpi,True,FRED vintage CPIAUCNS
2016-07-27,fomc,True,July 26-27 Meeting - 2016
2016-08-05,nfp,True,FRED vintage PAYEMS
2016-08-16,cpi,True,FRED vintage CPIAUCNS
2016-09-02,nfp,True,FRED vintage PAYEMS
2016-09-16,cpi,True,FRED vintage CPIAUCNS
2016-09-21,fomc,True,September 20-21 Meeting - 2016
2016-10-07,nfp,True,FRED vintage PAYEMS
2016-10-18,cpi,True,FRED vintage CPIAUCNS
2016-11-02,fomc,True,November 1-2 Meeting - 2016
2016-11-04,nfp,True,FRED vintage PAYEMS
2016-11-17,cpi,True,FRED vintage CPIAUCNS
2016-12-02,nfp,True,FRED vintage PAYEMS
2016-12-14,fomc,True,December 13-14 Meeting - 2016
2016-12-15,cpi,True,FRED vintage CPIAUCNS
2017-01-06,nfp,True,FRED vintage PAYEMS
2017-01-18,cpi,True,FRED vintage CPIAUCNS
2017-02-01,fomc,True,Jan/Feb 31-1 Meeting - 2017
2017-02-03,nfp,True,FRED vintage PAYEMS
2017-02-15,cpi,True,FRED vintage CPIAUCNS
2017-03-10,nfp,True,FRED vintage PAYEMS
2017-03-15,cpi,True,FRED vintage CPIAUCNS
2017-03-15,fomc,True,March 14-15 Meeting - 2017
2017-04-07,nfp,True,FRED vintage PAYEMS
2017-04-14,cpi,True,FRED vintage CPIAUCNS
2017-05-03,fomc,True,May 2-3 Meeting - 2017
2017-05-05,nfp,True,FRED vintage PAYEMS
2017-05-12,cpi,True,FRED vintage CPIAUCNS
2017-06-02,nfp,True,FRED vintage PAYEMS
2017-06-14,cpi,True,FRED vintage CPIAUCNS
2017-06-14,fomc,True,June 13-14 Meeting - 2017
2017-07-07,nfp,True,FRED vintage PAYEMS
2017-07-14,cpi,True,FRED vintage CPIAUCNS
2017-07-26,fomc,True,July 25-26 Meeting - 2017
2017-08-04,nfp,True,FRED vintage PAYEMS
2017-08-11,cpi,True,FRED vintage CPIAUCNS
2017-09-01,nfp,True,FRED vintage PAYEMS
2017-09-14,cpi,True,FRED vintage CPIAUCNS
2017-09-20,fomc,True,September 19-20 Meeting - 2017
2017-10-06,nfp,True,FRED vintage PAYEMS
2017-10-13,cpi,True,FRED vintage CPIAUCNS
2017-11-01,fomc,True,Oct/Nov 31-1 Meeting - 2017
2017-11-03,nfp,True,FRED vintage PAYEMS
2017-11-15,cpi,True,FRED vintage CPIAUCNS
2017-12-08,nfp,True,FRED vintage PAYEMS
2017-12-13,cpi,True,FRED vintage CPIAUCNS
2017-12-13,fomc,True,December 12-13 Meeting - 2017
2018-01-05,nfp,True,FRED vintage PAYEMS
2018-01-12,cpi,True,FRED vintage CPIAUCNS
2018-01-31,fomc,True,January 30-31 Meeting - 2018
2018-02-02,nfp,True,FRED vintage PAYEMS
2018-02-14,cpi,True,FRED vintage CPIAUCNS
2018-03-09,nfp,True,FRED vintage PAYEMS
2018-03-13,cpi,True,FRED vintage CPIAUCNS
2018-03-21,fomc,True,March 20-21 Meeting - 2018
2018-04-06,nfp,True,FRED vintage PAYEMS
2018-04-11,cpi,True,FRED vintage CPIAUCNS
2018-05-02,fomc,True,May 1-2 Meeting - 2018
2018-05-04,nfp,True,FRED vintage PAYEMS
2018-05-10,cpi,True,FRED vintage CPIAUCNS
2018-06-01,nfp,True,FRED vintage PAYEMS
2018-06-12,cpi,True,FRED vintage CPIAUCNS
2018-06-13,fomc,True,June 12-13 Meeting - 2018
2018-07-06,nfp,True,FRED vintage PAYEMS
2018-07-12,cpi,True,FRED vintage CPIAUCNS
2018-08-01,fomc,True,Jul/Aug 31-1 Meeting - 2018
2018-08-03,nfp,True,FRED vintage PAYEMS
2018-08-10,cpi,True,FRED vintage CPIAUCNS
2018-09-07,nfp,True,FRED vintage PAYEMS
2018-09-13,cpi,True,FRED vintage CPIAUCNS
2018-09-26,fomc,True,September 25-26 Meeting - 2018
2018-10-05,nfp,True,FRED vintage PAYEMS
2018-10-11,cpi,True,FRED vintage CPIAUCNS
2018-11-02,nfp,True,FRED vintage PAYEMS
2018-11-08,fomc,True,November 7-8 Meeting - 2018
2018-11-14,cpi,True,FRED vintage CPIAUCNS
2018-12-07,nfp,True,FRED vintage PAYEMS
2018-12-12,cpi,True,FRED vintage CPIAUCNS
2018-12-19,fomc,True,December 18-19 Meeting - 2018
2019-01-04,nfp,True,FRED vintage PAYEMS
2019-01-11,cpi,True,FRED vintage CPIAUCNS
2019-01-30,fomc,True,January 29-30 Meeting - 2019
2019-02-01,nfp,True,FRED vintage PAYEMS
2019-02-13,cpi,True,FRED vintage CPIAUCNS
2019-03-08,nfp,True,FRED vintage PAYEMS
2019-03-12,cpi,True,FRED vintage CPIAUCNS
2019-03-20,fomc,True,March 19-20 Meeting - 2019
2019-04-05,nfp,True,FRED vintage PAYEMS
2019-04-10,cpi,True,FRED vintage CPIAUCNS
2019-05-01,fomc,True,April/May 30-1 Meeting - 2019
2019-05-03,nfp,True,FRED vintage PAYEMS
2019-05-10,cpi,True,FRED vintage CPIAUCNS
2019-06-07,nfp,True,FRED vintage PAYEMS
2019-06-12,cpi,True,FRED vintage CPIAUCNS
2019-06-19,fomc,True,June 18-19 Meeting - 2019
2019-07-05,nfp,True,FRED vintage PAYEMS
2019-07-11,cpi,True,FRED vintage CPIAUCNS
2019-07-31,fomc,True,July 30-31 Meeting - 2019
2019-08-02,nfp,True,FRED vintage PAYEMS
2019-08-13,cpi,True,FRED vintage CPIAUCNS
2019-09-06,nfp,True,FRED vintage PAYEMS
2019-09-12,cpi,True,FRED vintage CPIAUCNS
2019-09-18,fomc,True,September 17-18 Meeting - 2019
2019-10-04,fomc,False,October 4 (unscheduled) - 2019
2019-10-04,nfp,True,FRED vintage PAYEMS
2019-10-10,cpi,True,FRED vintage CPIAUCNS
2019-10-30,fomc,True,October 29-30 Meeting - 2019
2019-11-01,nfp,True,FRED vintage PAYEMS
2019-11-13,cpi,True,FRED vintage CPIAUCNS
2019-12-06,nfp,True,FRED vintage PAYEMS
2019-12-11,cpi,True,FRED vintage CPIAUCNS
2019-12-11,fomc,True,December 10-11 Meeting - 2019
2020-01-10,nfp,True,FRED vintage PAYEMS
2020-01-14,cpi,True,FRED vintage CPIAUCNS
2020-01-29,fomc,True,January 28-29 Meeting - 2020
2020-02-07,nfp,True,FRED vintage PAYEMS
2020-02-13,cpi,True,FRED vintage CPIAUCNS
2020-03-02,fomc,False,March 2 (unscheduled) Meeting - 2020
2020-03-06,nfp,True,FRED vintage PAYEMS
2020-03-11,cpi,True,FRED vintage CPIAUCNS
2020-03-15,fomc,False,March 15 (unscheduled) Meeting - 2020
2020-04-03,nfp,True,FRED vintage PAYEMS
2020-04-10,cpi,True,FRED vintage CPIAUCNS
2020-04-29,fomc,True,April 28-29 Meeting - 2020
2020-05-08,nfp,True,FRED vintage PAYEMS
2020-05-11,nfp,True,FRED vintage PAYEMS
2020-05-12,cpi,True,FRED vintage CPIAUCNS
2020-06-05,nfp,True,FRED vintage PAYEMS
2020-06-10,cpi,True,FRED vintage CPIAUCNS
2020-06-10,fomc,True,June 9-10 Meeting - 2020
2020-07-02,nfp,True,FRED vintage PAYEMS
2020-07-14,cpi,True,FRED vintage CPIAUCNS
2020-07-29,fomc,True,July 28-29 Meeting - 2020
2020-08-07,nfp,True,FRED vintage PAYEMS
2020-08-12,cpi,True,FRED vintage CPIAUCNS
2020-09-04,nfp,True,FRED vintage PAYEMS
2020-09-11,cpi,True,FRED vintage CPIAUCNS
2020-09-16,fomc,True,September 15-16 Meeting - 2020
2020-10-02,nfp,True,FRED vintage PAYEMS
2020-10-13,cpi,True,FRED vintage CPIAUCNS
2020-11-05,fomc,True,November 4-5 Meeting - 2020
2020-11-06,nfp,True,FRED vintage PAYEMS
2020-11-12,cpi,True,FRED vintage CPIAUCNS
2020-12-04,nfp,True,FRED vintage PAYEMS
2020-12-10,cpi,True,FRED vintage CPIAUCNS
2020-12-16,fomc,True,December 15-16 Meeting - 2020
2021-01-08,nfp,True,FRED vintage PAYEMS
2021-01-13,cpi,True,FRED vintage CPIAUCNS
2021-01-27,fomc,True,2021 january 26-27
2021-02-05,nfp,True,FRED vintage PAYEMS
2021-02-10,cpi,True,FRED vintage CPIAUCNS
2021-03-05,nfp,True,FRED vintage PAYEMS
2021-03-10,cpi,True,FRED vintage CPIAUCNS
2021-03-17,fomc,True,2021 march 16-17*
2021-04-02,nfp,True,FRED vintage PAYEMS
2021-04-13,cpi,True,FRED vintage CPIAUCNS
2021-04-28,fomc,True,2021 april 27-28
2021-05-07,nfp,True,FRED vintage PAYEMS
2021-05-12,cpi,True,FRED vintage CPIAUCNS
2021-06-04,nfp,True,FRED vintage PAYEMS
2021-06-10,cpi,True,FRED vintage CPIAUCNS
2021-06-16,fomc,True,2021 june 15-16*
2021-07-02,nfp,True,FRED vintage PAYEMS
2021-07-13,cpi,True,FRED vintage CPIAUCNS
2021-07-28,fomc,True,2021 july 27-28
2021-08-06,nfp,True,FRED vintage PAYEMS
2021-08-11,cpi,True,FRED vintage CPIAUCNS
2021-09-03,nfp,True,FRED vintage PAYEMS
2021-09-14,cpi,True,FRED vintage CPIAUCNS
2021-09-22,fomc,True,2021 september 21-22*
2021-10-08,nfp,True,FRED vintage PAYEMS
2021-10-13,cpi,True,FRED vintage CPIAUCNS
2021-11-03,fomc,True,2021 november 2-3
2021-11-05,nfp,True,FRED vintage PAYEMS
2021-11-10,cpi,True,FRED vintage CPIAUCNS
2021-12-03,nfp,True,FRED vintage PAYEMS
2021-12-10,cpi,True,FRED vintage CPIAUCNS
2021-12-15,fomc,True,2021 december 14-15*
2022-01-07,nfp,True,FRED vintage PAYEMS
2022-01-12,cpi,True,FRED vintage CPIAUCNS
2022-01-26,fomc,True,2022 january 25-26
2022-02-04,nfp,True,FRED vintage PAYEMS
2022-02-10,cpi,True,FRED vintage CPIAUCNS
2022-03-04,nfp,True,FRED vintage PAYEMS
2022-03-10,cpi,True,FRED vintage CPIAUCNS
2022-03-16,fomc,True,2022 march 15-16*
2022-04-01,nfp,True,FRED vintage PAYEMS
2022-04-12,cpi,True,FRED vintage CPIAUCNS
2022-05-04,fomc,True,2022 may 3-4
2022-05-06,nfp,True,FRED vintage PAYEMS
2022-05-11,cpi,True,FRED vintage CPIAUCNS
2022-06-03,nfp,True,FRED vintage PAYEMS
2022-06-10,cpi,True,FRED vintage CPIAUCNS
2022-06-15,fomc,True,2022 june 14-15*
2022-07-08,nfp,True,FRED vintage PAYEMS
2022-07-13,cpi,True,FRED vintage CPIAUCNS
2022-07-27,fomc,True,2022 july 26-27
2022-08-05,nfp,True,FRED vintage PAYEMS
2022-08-10,cpi,True,FRED vintage CPIAUCNS
2022-09-02,nfp,True,FRED vintage PAYEMS
2022-09-13,cpi,True,FRED vintage CPIAUCNS
2022-09-21,fomc,True,2022 september 20-21*
2022-10-07,nfp,True,FRED vintage PAYEMS
2022-10-13,cpi,True,FRED vintage CPIAUCNS
2022-11-02,fomc,True,2022 november 1-2
2022-11-04,nfp,True,FRED vintage PAYEMS
2022-11-10,cpi,True,FRED vintage CPIAUCNS
2022-12-02,nfp,True,FRED vintage PAYEMS
2022-12-13,cpi,True,FRED vintage CPIAUCNS
2022-12-14,fomc,True,2022 december 13-14*
2023-01-06,nfp,True,FRED vintage PAYEMS
2023-01-12,cpi,True,FRED vintage CPIAUCNS
2023-02-01,fomc,True,2023 jan/feb 31-1
2023-02-03,nfp,True,FRED vintage PAYEMS
2023-02-14,cpi,True,FRED vintage CPIAUCNS
2023-03-10,nfp,True,FRED vintage PAYEMS
2023-03-14,cpi,True,FRED vintage CPIAUCNS
2023-03-22,fomc,True,2023 march 21-22*
2023-04-07,nfp,True,FRED vintage PAYEMS
2023-04-12,cpi,True,FRED vintage CPIAUCNS
2023-05-03,fomc,True,2023 may 2-3
2023-05-05,nfp,True,FRED vintage PAYEMS
2023-05-10,cpi,True,FRED vintage CPIAUCNS
2023-06-02,nfp,True,FRED vintage PAYEMS
2023-06-13,cpi,True,FRED vintage CPIAUCNS
2023-06-14,fomc,True,2023 june 13-14*
2023-07-07,nfp,True,FRED vintage PAYEMS
2023-07-12,cpi,True,FRED vintage CPIAUCNS
2023-07-26,fomc,True,2023 july 25-26
2023-08-04,nfp,True,FRED vintage PAYEMS
2023-08-10,cpi,True,FRED vintage CPIAUCNS
2023-09-01,nfp,True,FRED vintage PAYEMS
2023-09-13,cpi,True,FRED vintage CPIAUCNS
2023-09-20,fomc,True,2023 september 19-20*
2023-10-06,nfp,True,FRED vintage PAYEMS
2023-10-12,cpi,True,FRED vintage CPIAUCNS
2023-11-01,fomc,True,2023 oct/nov 31-1
2023-11-03,nfp,True,FRED vintage PAYEMS
2023-11-14,cpi,True,FRED vintage CPIAUCNS
2023-12-08,nfp,True,FRED vintage PAYEMS
2023-12-12,cpi,True,FRED vintage CPIAUCNS
2023-12-13,fomc,True,2023 december 12-13*
2024-01-05,nfp,True,FRED vintage PAYEMS
2024-01-11,cpi,True,FRED vintage CPIAUCNS
2024-01-31,fomc,True,2024 january 30-31
2024-02-02,nfp,True,FRED vintage PAYEMS
2024-02-13,cpi,True,FRED vintage CPIAUCNS
2024-03-08,nfp,True,FRED vintage PAYEMS
2024-03-12,cpi,True,FRED vintage CPIAUCNS
2024-03-20,fomc,True,2024 march 19-20*
2024-04-05,nfp,True,FRED vintage PAYEMS
2024-04-10,cpi,True,FRED vintage CPIAUCNS
2024-05-01,fomc,True,2024 apr/may 30-1
2024-05-03,nfp,True,FRED vintage PAYEMS
2024-05-15,cpi,True,FRED vintage CPIAUCNS
2024-06-07,nfp,True,FRED vintage PAYEMS
2024-06-12,cpi,True,FRED vintage CPIAUCNS
2024-06-12,fomc,True,2024 june 11-12*
2024-07-05,nfp,True,FRED vintage PAYEMS
2024-07-11,cpi,True,FRED vintage CPIAUCNS
2024-07-31,fomc,True,2024 july 30-31
2024-08-02,nfp,True,FRED vintage PAYEMS
2024-08-14,cpi,True,FRED vintage CPIAUCNS
2024-09-06,nfp,True,FRED vintage PAYEMS
2024-09-11,cpi,True,FRED vintage CPIAUCNS
2024-09-18,fomc,True,2024 september 17-18*
2024-10-04,nfp,True,FRED vintage PAYEMS
2024-10-10,cpi,True,FRED vintage CPIAUCNS
2024-11-01,nfp,True,FRED vintage PAYEMS
2024-11-07,fomc,True,2024 november 6-7
2024-11-13,cpi,True,FRED vintage CPIAUCNS
2024-12-06,nfp,True,FRED vintage PAYEMS
2024-12-11,cpi,True,FRED vintage CPIAUCNS
2024-12-18,fomc,True,2024 december 17-18*
2025-01-10,nfp,True,FRED vintage PAYEMS
2025-01-15,cpi,True,FRED vintage CPIAUCNS
2025-01-29,fomc,True,2025 january 28-29
2025-02-07,nfp,True,FRED vintage PAYEMS
2025-02-12,cpi,True,FRED vintage CPIAUCNS
2025-03-07,nfp,True,FRED vintage PAYEMS
2025-03-12,cpi,True,FRED vintage CPIAUCNS
2025-03-19,fomc,True,2025 march 18-19*
2025-04-04,nfp,True,FRED vintage PAYEMS
2025-04-10,cpi,True,FRED vintage CPIAUCNS
2025-05-02,nfp,True,FRED vintage PAYEMS
2025-05-07,fomc,True,2025 may 6-7
2025-05-13,cpi,True,FRED vintage CPIAUCNS
2025-06-06,nfp,True,FRED vintage PAYEMS
2025-06-11,cpi,True,FRED vintage CPIAUCNS
2025-06-18,fomc,True,2025 june 17-18*
2025-07-03,nfp,True,FRED vintage PAYEMS
2025-07-15,cpi,True,FRED vintage CPIAUCNS
2025-07-30,fomc,True,2025 july 29-30
2025-08-01,nfp,True,FRED vintage PAYEMS
2025-08-12,cpi,True,FRED vintage CPIAUCNS
2025-09-05,nfp,True,FRED vintage PAYEMS
2025-09-11,cpi,True,FRED vintage CPIAUCNS
2025-09-17,fomc,True,2025 september 16-17*
2025-10-24,cpi,True,FRED vintage CPIAUCNS
2025-10-29,fomc,True,2025 october 28-29
2025-11-20,nfp,True,FRED vintage PAYEMS
2025-12-10,fomc,True,2025 december 9-10*
2025-12-16,nfp,True,FRED vintage PAYEMS
2025-12-18,cpi,True,FRED vintage CPIAUCNS
2026-01-09,nfp,True,FRED vintage PAYEMS
2026-01-13,cpi,True,FRED vintage CPIAUCNS
2026-01-28,fomc,True,2026 january 27-28
2026-02-11,nfp,True,FRED vintage PAYEMS
2026-02-13,cpi,True,FRED vintage CPIAUCNS
2026-03-06,nfp,True,FRED vintage PAYEMS
2026-03-11,cpi,True,FRED vintage CPIAUCNS
2026-03-18,fomc,True,2026 march 17-18*
2026-04-03,nfp,True,FRED vintage PAYEMS
2026-04-10,cpi,True,FRED vintage CPIAUCNS
2026-04-29,fomc,True,2026 april 28-29
2026-05-08,nfp,True,FRED vintage PAYEMS
2026-05-12,cpi,True,FRED vintage CPIAUCNS
2026-06-05,nfp,True,FRED vintage PAYEMS
2026-06-10,cpi,True,FRED vintage CPIAUCNS
2026-06-17,fomc,True,2026 june 16-17*
2026-07-02,nfp,True,FRED vintage PAYEMS
2026-07-14,cpi,True,FRED vintage CPIAUCNS
2026-07-29,fomc,True,2026 july 28-29
2026-08-07,nfp,True,FRED vintage PAYEMS
2026-08-12,cpi,True,FRED vintage CPIAUCNS
2026-09-04,nfp,True,FRED vintage PAYEMS
2026-09-11,cpi,True,FRED vintage CPIAUCNS
2026-09-16,fomc,True,2026 september 15-16*
2026-10-28,fomc,True,2026 october 27-28
2026-12-09,fomc,True,2026 december 8-9*
2027-01-27,fomc,True,2027 january 26-27
2027-03-17,fomc,True,2027 march 16-17*
2027-04-28,fomc,True,2027 april 27-28
2027-06-09,fomc,True,2027 june 8-9*
2027-07-28,fomc,True,2027 july 27-28
2027-09-15,fomc,True,2027 september 14-15*
2027-10-27,fomc,True,2027 october 26-27
2027-12-08,fomc,True,2027 december 7-8*
