coverage_target,n,coverage,accuracy,up_calls,always_up,edge,p_edge,p_coin,model,h,mode
0.1,833,0.20115914030427434,0.5378151260504201,1.0,0.5378151260504201,0.0,0.5,0.01581914996767841,climatology,1,causal
0.2,1149,0.27746921033566774,0.5535248041775457,1.0,0.5535248041775457,0.0,0.5,0.00015771794034208077,climatology,1,causal
0.3,1381,0.33349432504226034,0.5423606082548877,1.0,0.5423606082548877,0.0,0.5,0.0008946771653773573,climatology,1,causal
0.5,1686,0.40714803187635834,0.5397390272835113,1.0,0.5397390272835113,0.0,0.5,0.0005963674663428968,climatology,1,causal
1.0,4141,1.0,0.5182323110359817,1.0,0.5182323110359817,0.0,0.5,0.00987170915067667,climatology,1,causal
0.1,413,0.09973436368027047,0.5351089588377724,1.0,0.5351089588377724,0.0,0.5,0.0840955820187264,climatology,1,ranked
0.2,812,0.19608790147307414,0.5369458128078818,1.0,0.5369458128078818,0.0,0.5,0.019170352343254326,climatology,1,ranked
0.3,1225,0.2958222651533446,0.516734693877551,1.0,0.516734693877551,0.0,0.5,0.12654402778959645,climatology,1,ranked
0.5,2050,0.49504950495049505,0.5121951219512195,1.0,0.5121951219512195,0.0,0.5,0.13957373528559297,climatology,1,ranked
1.0,4141,1.0,0.5182323110359817,1.0,0.5182323110359817,0.0,0.5,0.00987170915067667,climatology,1,ranked
0.1,801,0.1934315382757788,0.5393258426966292,1.0,0.5393258426966292,0.0,0.5,0.19228357573888322,climatology,5,causal
0.2,1155,0.27891813571601065,0.5437229437229437,1.0,0.5437229437229437,0.0,0.5,0.0940452198969491,climatology,5,causal
0.3,1377,0.3325283747886984,0.5468409586056645,1.0,0.5468409586056645,0.0,0.5,0.07384573891485634,climatology,5,causal
0.5,1923,0.46438058439990343,0.5361414456578263,1.0,0.5361414456578263,0.0,0.5,0.08408525542181342,climatology,5,causal
1.0,4141,1.0,0.5189567737261531,1.0,0.5189567737261531,0.0,0.5,0.14066381295145,climatology,5,causal
0.1,413,0.09973436368027047,0.5399515738498789,1.0,0.5399515738498789,0.0,0.5,0.2905572270883235,climatology,5,ranked
0.2,812,0.19608790147307414,0.5394088669950738,1.0,0.5394088669950738,0.0,0.5,0.1937595424245269,climatology,5,ranked
0.3,1225,0.2958222651533446,0.5004081632653061,1.0,0.5004081632653061,0.0,0.5,0.5000000000000001,climatology,5,ranked
0.5,2070,0.49987925621830476,0.48840579710144927,1.0,0.48840579710144927,0.0,0.5,0.7055887290710128,climatology,5,ranked
1.0,4141,1.0,0.5189567737261531,1.0,0.5189567737261531,0.0,0.5,0.14066381295145,climatology,5,ranked
0.1,466,0.1125332045399662,0.5536480686695279,0.9635193133047211,0.555793991416309,-0.0021459227467811592,0.5,0.011556165620159655,ar_garch,1,causal
0.2,855,0.206471866698865,0.543859649122807,0.9461988304093567,0.5345029239766081,0.009356725146198897,0.1690830916908309,0.0056693551716272125,ar_garch,1,causal
0.3,1245,0.3006520164211543,0.5405622489959839,0.9421686746987952,0.5389558232931727,0.0016064257028112205,0.403009699030097,0.002288144676274904,ar_garch,1,causal
0.5,2007,0.48466553972470416,0.5326357747882412,0.9332336821126059,0.541604384653712,-0.008968609865470767,0.9381061893810619,0.0018497449774670291,ar_garch,1,causal
1.0,4141,1.0,0.5175078483458102,0.8804636561217097,0.5182323110359817,-0.0007244626901714568,0.5468453154684532,0.012613076493996516,ar_garch,1,causal
0.1,414,0.09997585124366096,0.5434782608695652,0.9806763285024155,0.5483091787439613,-0.004830917874396157,0.5,0.04264035870489261,ar_garch,1,ranked
0.2,828,0.19995170248732191,0.538647342995169,0.9867149758454107,0.5374396135265701,0.0012077294685989282,0.5,0.014253462800688331,ar_garch,1,ranked
0.3,1242,0.29992755373098284,0.5265700483091788,0.9806763285024155,0.5233494363929146,0.0032206119162641045,0.2587241275872413,0.03254157321217312,ar_garch,1,ranked
0.5,2070,0.49987925621830476,0.5256038647342995,0.9681159420289855,0.523671497584541,0.0019323671497585293,0.35081491850814916,0.010493064720724239,ar_garch,1,ranked
1.0,4141,1.0,0.5175078483458102,0.8804636561217097,0.5182323110359817,-0.0007244626901714568,0.5468453154684532,0.012613076493996516,ar_garch,1,ranked
0.1,508,0.12267568220236658,0.5098425196850394,1.0,0.5098425196850394,0.0,0.5,0.4999999999999998,ar_garch,5,causal
0.2,888,0.21444095629075102,0.5236486486486487,1.0,0.5236486486486487,0.0,0.5,0.2738754548197695,ar_garch,5,causal
0.3,1219,0.2943733397730017,0.5266611977030353,1.0,0.5266611977030353,0.0,0.5,0.22074153267077806,ar_garch,5,causal
0.5,1877,0.4532721564839411,0.515716568993074,1.0,0.515716568993074,0.0,0.5,0.30281784664832806,ar_garch,5,causal
1.0,4141,1.0,0.5196812364163246,0.9978266119294856,0.5189567737261531,0.0007244626901714568,0.2501249875012499,0.14066381295145,ar_garch,5,causal
0.1,414,0.09997585124366096,0.5362318840579711,1.0,0.5362318840579711,0.0,0.5,0.2905572270883235,ar_garch,5,ranked
0.2,828,0.19995170248732191,0.4927536231884058,1.0,0.4927536231884058,0.0,0.5,0.6221970623408295,ar_garch,5,ranked
0.3,1242,0.29992755373098284,0.4919484702093398,1.0,0.4919484702093398,0.0,0.5,0.624531374492981,ar_garch,5,ranked
0.5,2070,0.49987925621830476,0.4975845410628019,1.0,0.4975845410628019,0.0,0.5,0.5585969066563625,ar_garch,5,ranked
1.0,4141,1.0,0.5196812364163246,0.9978266119294856,0.5189567737261531,0.0007244626901714568,0.2501249875012499,0.14066381295145,ar_garch,5,ranked
0.1,702,0.16952426950012076,0.5811965811965812,0.7521367521367521,0.5470085470085471,0.03418803418803418,0.1110888911108889,9.612983768342083e-06,linear,1,causal
0.2,1083,0.2615310311518957,0.569713758079409,0.7469990766389658,0.5734072022160664,-0.003693444136657398,0.5622437756224378,2.4973194517612172e-06,linear,1,causal
0.3,1406,0.3395315141270225,0.5526315789473685,0.7162162162162162,0.5561877667140825,-0.0035561877667140696,0.5785921407859214,4.35995628305598e-05,linear,1,causal
0.5,2010,0.4853900024148756,0.5437810945273632,0.6721393034825871,0.5383084577114428,0.005472636815920473,0.3373162683731627,4.697982935758069e-05,linear,1,causal
1.0,4141,1.0,0.5206471866698865,0.6387346051678339,0.5182323110359817,0.002414875633904856,0.40715928407159285,0.004119735302626877,linear,1,causal
0.1,414,0.09997585124366096,0.5507246376811594,0.8768115942028986,0.5676328502415459,-0.016908212560386437,0.6878312168783122,0.021885099263518892,linear,1,ranked
0.2,828,0.19995170248732191,0.5471014492753623,0.8671497584541062,0.5567632850241546,-0.009661835748792313,0.771972802719728,0.0037075952939404164,linear,1,ranked
0.3,1242,0.29992755373098284,0.535426731078905,0.8373590982286635,0.5418679549114331,-0.006441223832528098,0.6776322367763223,0.006765306606054769,linear,1,ranked
0.5,2070,0.49987925621830476,0.5314009661835749,0.7772946859903381,0.5280193236714976,0.0033816425120772875,0.3377162283771623,0.0022831169041852687,linear,1,ranked
1.0,4141,1.0,0.5206471866698865,0.6387346051678339,0.5182323110359817,0.002414875633904856,0.40715928407159285,0.004119735302626877,linear,1,ranked
0.1,774,0.1869113740642357,0.5452196382428941,0.8850129198966409,0.5439276485788114,0.0012919896640827266,0.5,0.14740675699664607,linear,5,causal
0.2,1111,0.2682926829268293,0.5436543654365437,0.8982898289828983,0.5463546354635463,-0.0027002700270026825,0.5695930406959304,0.10106716032997921,linear,5,causal
0.3,1447,0.34943250422603234,0.5328265376641327,0.8590186592950932,0.5383552176917761,-0.005528680027643396,0.6647835216478353,0.1448319549873594,linear,5,causal
0.5,2082,0.5027771069789906,0.5302593659942363,0.7905859750240154,0.521613832853026,0.008645533141210304,0.3357664233576642,0.11012782128862465,linear,5,causal
1.0,4141,1.0,0.5155759478386863,0.7034532721564839,0.5189567737261531,-0.0033808258874667985,0.5934906509349065,0.19248141948755176,linear,5,causal
0.1,414,0.09997585124366096,0.5169082125603864,1.0,0.5169082125603864,0.0,0.5,0.4560783037763016,linear,5,ranked
0.2,828,0.19995170248732191,0.5265700483091788,0.7874396135265701,0.5314009661835749,-0.004830917874396157,0.5875912408759124,0.2667724468154231,linear,5,ranked
0.3,1242,0.29992755373098284,0.5241545893719807,0.6867954911433173,0.533011272141707,-0.008856682769726287,0.6273872612738727,0.24247006301863294,linear,5,ranked
0.5,2070,0.49987925621830476,0.5198067632850242,0.6966183574879227,0.5072463768115942,0.01256038647342994,0.3017698230176982,0.23051814656056802,linear,5,ranked
1.0,4141,1.0,0.5155759478386863,0.7034532721564839,0.5189567737261531,-0.0033808258874667985,0.5934906509349065,0.19248141948755176,linear,5,ranked
0.1,729,0.17604443371166384,0.5706447187928669,0.7709190672153635,0.5555555555555556,0.015089163237311354,0.22697730226977303,7.730366349212474e-05,gbm,1,causal
0.2,1141,0.27553730982854385,0.5617879053461875,0.7353198948290973,0.537248028045574,0.024539877300613466,0.0660933906609339,1.6656573288236173e-05,gbm,1,causal
0.3,1530,0.36947597198744264,0.5490196078431373,0.711764705882353,0.5274509803921569,0.021568627450980427,0.03834616538346165,6.890331325303592e-05,gbm,1,causal
0.5,2230,0.5385172663607825,0.5461883408071749,0.6955156950672646,0.5278026905829596,0.018385650224215344,0.0598940105989401,6.994932318363661e-06,gbm,1,causal
1.0,4141,1.0,0.538275778797392,0.6413909683651292,0.5182323110359817,0.020043467761410305,0.019848015198480153,4.4872292902298566e-07,gbm,1,causal
0.1,414,0.09997585124366096,0.5265700483091788,0.5748792270531401,0.5314009661835749,-0.004830917874396157,0.5355464453554645,0.15101109000708862,gbm,1,ranked
0.2,828,0.19995170248732191,0.5410628019323671,0.6944444444444444,0.5229468599033816,0.018115942028985477,0.19573042695730428,0.009917637426043728,gbm,1,ranked
0.3,1242,0.29992755373098284,0.5450885668276972,0.6859903381642513,0.5144927536231884,0.03059581320450888,0.030596940305969402,0.0008120605058304301,gbm,1,ranked
0.5,2070,0.49987925621830476,0.5381642512077295,0.6850241545893719,0.5140096618357488,0.024154589371980673,0.024447555244475554,0.00027793915416909177,gbm,1,ranked
1.0,4141,1.0,0.538275778797392,0.6413909683651292,0.5182323110359817,0.020043467761410305,0.019848015198480153,4.4872292902298566e-07,gbm,1,ranked
0.1,602,0.1453755131610722,0.5249169435215947,0.7325581395348837,0.5830564784053156,-0.05813953488372092,0.9404059594040596,0.3241300259105028,gbm,5,causal
0.2,1028,0.24824921516541898,0.5272373540856031,0.7363813229571985,0.5768482490272373,-0.049610894941634176,0.9305069493050695,0.24250015734110417,gbm,5,causal
0.3,1364,0.3293890364646221,0.5373900293255132,0.7470674486803519,0.5689149560117303,-0.03152492668621709,0.944055594440556,0.12462802102375267,gbm,5,causal
0.5,2027,0.4894952909925139,0.5377405032067094,0.7271830291070548,0.536260483473113,0.0014800197335964604,0.4747525247475253,0.06796936109597651,gbm,5,causal
1.0,4141,1.0,0.5235450374305723,0.693552282057474,0.5189567737261531,0.0045882637044192265,0.38491150884911507,0.09923491347446708,gbm,5,causal
0.1,414,0.09997585124366096,0.5169082125603864,0.8623188405797102,0.533816425120773,-0.01690821256038655,0.6283871612838716,0.4560783037763016,gbm,5,ranked
0.2,827,0.19971021492393143,0.5102781136638452,0.8222490931076178,0.5211608222490931,-0.010882708585247869,0.6346865313468653,0.4381653419480142,gbm,5,ranked
0.3,1242,0.29992755373098284,0.5169082125603864,0.7544283413848631,0.5273752012882448,-0.01046698872785834,0.638986101389861,0.32838403761636004,gbm,5,ranked
0.5,2070,0.49987925621830476,0.5169082125603864,0.6971014492753623,0.529951690821256,-0.013043478260869601,0.7327267273272673,0.2614639730618992,gbm,5,ranked
1.0,4141,1.0,0.5235450374305723,0.693552282057474,0.5189567737261531,0.0045882637044192265,0.38491150884911507,0.09923491347446708,gbm,5,ranked
0.1,609,0.1470659261048056,0.535303776683087,0.812807881773399,0.548440065681445,-0.013136288998357948,0.7467253274672533,0.04434321067250663,lstm,1,causal
0.2,1029,0.24849070272880946,0.5461613216715258,0.8396501457725948,0.5413022351797862,0.004859086491739606,0.39001099890011,0.001683064501523618,lstm,1,causal
0.3,1320,0.3187635836754407,0.5431818181818182,0.806060606060606,0.5371212121212121,0.0060606060606061,0.261023897610239,0.0009293423500577067,lstm,1,causal
0.5,1937,0.4677614102873702,0.5240061951471348,0.7759421786267424,0.5250387196695921,-0.0010325245224573898,0.5245475452454755,0.0182787143541123,lstm,1,causal
1.0,4141,1.0,0.5121951219512195,0.7375030185945424,0.5182323110359817,-0.00603718908476214,0.7986701329867013,0.06008848020867227,lstm,1,causal
0.1,414,0.09997585124366096,0.5579710144927537,1.0,0.5579710144927537,0.0,0.5,0.01039026249776419,lstm,1,ranked
0.2,828,0.19995170248732191,0.5422705314009661,1.0,0.5422705314009661,0.0,0.5,0.008218503635664473,lstm,1,ranked
0.3,1242,0.29992755373098284,0.5273752012882448,0.998389694041868,0.5257648953301127,0.0016103059581320522,0.5,0.028620022273892768,lstm,1,ranked
0.5,2070,0.49987925621830476,0.5260869565217391,0.8570048309178744,0.5222222222222223,0.0038647342995168366,0.29032096790320966,0.009330874216578237,lstm,1,ranked
1.0,4141,1.0,0.5121951219512195,0.7375030185945424,0.5182323110359817,-0.00603718908476214,0.7986701329867013,0.06008848020867227,lstm,1,ranked
0.1,578,0.13957981163970057,0.5484429065743944,0.8598615916955017,0.5536332179930796,-0.005190311418685201,0.5306469353064693,0.17556268487771606,lstm,5,causal
0.2,964,0.23279401110842793,0.5477178423236515,0.8319502074688797,0.5518672199170125,-0.004149377593360981,0.597040295970403,0.10988580552544053,lstm,5,causal
0.3,1362,0.3289060613378411,0.5381791483113069,0.7826725403817915,0.5558002936857562,-0.017621145374449365,0.8411658834116589,0.12462802102375267,lstm,5,causal
0.5,2177,0.5257184255010867,0.5259531465319247,0.7547083141938448,0.5241157556270096,0.0018373909049150816,0.44845515448455153,0.14574892238919876,lstm,5,causal
1.0,4141,1.0,0.5211301617966675,0.679063028254045,0.5189567737261531,0.0021733880705143704,0.4532046795320468,0.12571860559944756,lstm,5,causal
0.1,414,0.09997585124366096,0.533816425120773,0.8864734299516909,0.5169082125603864,0.01690821256038655,0.5,0.2905572270883235,lstm,5,ranked
0.2,828,0.19995170248732191,0.5374396135265701,0.8466183574879227,0.5458937198067633,-0.008454106280193163,0.6891810818918108,0.1751171826915367,lstm,5,ranked
0.3,1242,0.29992755373098284,0.5442834138486312,0.7576489533011272,0.5499194847020934,-0.005636070853462183,0.6316868313168683,0.09112671411116383,lstm,5,ranked
0.5,2070,0.49987925621830476,0.5304347826086957,0.7019323671497585,0.5193236714975845,0.011111111111111183,0.297970202979702,0.10957181791166,lstm,5,ranked
1.0,4141,1.0,0.5211301617966675,0.679063028254045,0.5189567737261531,0.0021733880705143704,0.4532046795320468,0.12571860559944756,lstm,5,ranked
0.1,737,0.17797633421878772,0.5047489823609227,0.8263229308005428,0.5264586160108549,-0.02170963364993217,0.8921107889211078,0.4125504902324432,gru,1,causal
0.2,1160,0.2801255735329631,0.525,0.8224137931034483,0.525,0.0,0.5255974402559744,0.04708552474060716,gru,1,causal
0.3,1490,0.3598164694518232,0.5288590604026846,0.8295302013422818,0.5302013422818792,-0.0013422818791946067,0.5221977802219778,0.013814387321421926,gru,1,causal
0.5,2035,0.49142719149963776,0.5287469287469287,0.7960687960687961,0.5312039312039312,-0.002457002457002422,0.5857914208579142,0.005055235638338791,gru,1,causal
1.0,4141,1.0,0.5105047090074861,0.6981405457618932,0.5182323110359817,-0.007727602028495539,0.8085191480851914,0.09070112200328388,gru,1,causal
0.1,414,0.09997585124366096,0.5555555555555556,1.0,0.5555555555555556,0.0,0.5,0.013436137540961554,gru,1,ranked
0.2,828,0.19995170248732191,0.5241545893719807,0.998792270531401,0.5253623188405797,-0.0012077294685990392,0.5,0.08763588014637348,gru,1,ranked
0.3,1242,0.29992755373098284,0.5257648953301127,0.9919484702093397,0.5273752012882448,-0.0016103059581320522,0.5,0.03689589292972061,gru,1,ranked
0.5,2070,0.49987925621830476,0.5173913043478261,0.8541062801932368,0.5231884057971015,-0.005797101449275366,0.7512748725127487,0.059306251123369506,gru,1,ranked
1.0,4141,1.0,0.5105047090074861,0.6981405457618932,0.5182323110359817,-0.007727602028495539,0.8085191480851914,0.09070112200328388,gru,1,ranked
0.1,478,0.11543105530065202,0.5125523012552301,0.7405857740585774,0.5251046025104602,-0.012552301255230103,0.6685831416858314,0.41877803536453695,gru,5,causal
0.2,895,0.21613136923448442,0.5206703910614525,0.7385474860335196,0.5251396648044693,-0.004469273743016755,0.5473452654734526,0.32697103222792756,gru,5,causal
0.3,1337,0.322868872253079,0.5272999252056844,0.7232610321615557,0.5287958115183246,-0.0014958863126401933,0.5143985601439856,0.19580160111845102,gru,5,causal
0.5,2135,0.5155759478386863,0.5189695550351288,0.7049180327868853,0.5292740046838408,-0.010304449648712022,0.6674332566743326,0.2193964356547007,gru,5,causal
1.0,4141,1.0,0.5025356194156001,0.6754407148031877,0.5189567737261531,-0.01642115431055302,0.8308169183081692,0.45848674359931624,gru,5,causal
0.1,414,0.09997585124366096,0.5748792270531401,0.9734299516908212,0.5772946859903382,-0.0024154589371980784,0.5,0.11212226415304091,gru,5,ranked
0.2,828,0.19995170248732191,0.5495169082125604,0.8719806763285024,0.5615942028985508,-0.012077294685990392,0.6905809419058094,0.10639289850576049,gru,5,ranked
0.3,1242,0.29992755373098284,0.5314009661835749,0.7455716586151369,0.5394524959742351,-0.00805152979066015,0.6438356164383562,0.1704294548415604,gru,5,ranked
0.5,2070,0.49987925621830476,0.5154589371980677,0.6985507246376812,0.5202898550724637,-0.004830917874396046,0.5945905409459054,0.2944112709289872,gru,5,ranked
1.0,4141,1.0,0.5025356194156001,0.6754407148031877,0.5189567737261531,-0.01642115431055302,0.8308169183081692,0.45848674359931624,gru,5,ranked
