setting,cadence,refits,joint_loss,n_days,edges,edges_changed_per_refit,clock_resets,seconds,diff_vs_default
default,21,12,-3.8739537934627806,252,2.3333333333333335,2.5454545454545454,0,113.9,0.0
no_warm_start,21,12,-3.866542271651814,252,2.25,2.909090909090909,11,163.1,0.007411521810966715
clock_k_1.5,21,12,-3.8739537934627806,252,2.3333333333333335,2.5454545454545454,0,113.6,0.0
clock_k_6,21,12,-3.8739537934627806,252,2.3333333333333335,2.5454545454545454,0,113.6,0.0
clock_T_3,21,12,-3.87542870995668,252,2.3333333333333335,2.909090909090909,0,98.1,-0.0014749164938994141
clock_T_12,21,12,-3.8711413152099348,252,2.25,2.909090909090909,0,143.4,0.002812478252845807
lam2_0,21,12,-3.8743052147925696,252,2.3333333333333335,2.909090909090909,0,113.5,-0.00035142132978904783
lam2_0.02,21,12,-3.869580900112556,252,3.1666666666666665,1.0,0,105.1,0.004372893350224505
all_edges_on,21,12,-3.865885822234638,252,15.0,0.0,0,3.0,0.008067971228142401
cadence_42,42,6,-3.891534836155898,252,3.1666666666666665,4.8,0,74.7,-0.017581042693117332
cadence_63,63,4,-3.8776350304989546,252,2.5,4.0,0,52.5,-0.0036812370361740676
