setting,cv_loss,diff_vs_ref,points_better,points,p_wilcoxon,diff_direction_h5,edges,edges_moved_vs_ref
default,-4.747052247644556,0.0,0,17,1.0,0.0,2.7450980392156867,0.0
A1_no_evolution_top3,-4.743051772501613,0.00400047514294366,10,17,0.6112213134765625,0.0009412979169635519,3.0,4.019607843137255
A2_no_variance_penalty,-4.744152904126376,0.002899343518179782,5,17,0.104583740234375,0.0005948104439108276,2.568627450980392,1.588235294117647
A3_no_sparsity,-4.74788241974528,-0.0008301721007231667,10,17,0.129730224609375,-0.00014168625038399492,3.019607843137255,1.6078431372549018
all_edges_on,-4.748317721212368,-0.0012654735678119386,12,17,0.2246856689453125,0.00031385417885067187,15.0,12.254901960784313
exhaustive_optimum,-4.744281147925209,0.002771099719347969,4,17,0.030517578125,0.0004439851965413907,2.235294117647059,1.3333333333333333
pop_20,-4.74496768630049,0.0020845613440675695,7,17,0.5618896484375,0.0007685341108310049,2.9411764705882355,1.764705882352941
pop_100,-4.74436451561983,0.0026877320247261313,4,17,0.09344482421875,0.0007418722992590714,2.372549019607843,1.2352941176470589
gens_30,-4.745966022793272,0.0010862248512836564,4,17,0.2412109375,0.0006625358537748156,3.2745098039215685,1.549019607843137
gens_300,-4.743589394157452,0.0034628534871050274,2,17,0.004180908203125,0.0007892836357463936,2.372549019607843,1.0392156862745097
rate_0.15,-4.74459026686526,0.0024619807792959814,5,17,0.0983734130859375,0.0008814253699218164,2.2156862745098036,1.392156862745098
rate_0.5,-4.74547412187376,0.001578125770797477,10,17,0.4037628173828125,0.0016751099045513177,3.196078431372549,1.8627450980392157
alpha_beta_1,-4.743535893306862,0.003516354337695691,4,17,0.0149993896484375,0.0009489969040488352,2.549019607843137,1.2549019607843137
alpha_beta_0.25,-4.7460048694177885,0.0010473782267688397,8,17,0.644134521484375,0.001008590326647613,2.6470588235294112,1.3137254901960784
subwindow_10,-4.744958368381796,0.0020938792627605662,6,17,0.1593780517578125,0.0006094734987541042,2.607843137254902,1.5098039215686274
subwindow_42,-4.747429901871809,-0.00037765422725274456,9,17,0.668548583984375,0.0003818011877846818,2.6470588235294117,1.235294117647059
lam3_0.002,-4.743772201991297,0.003280045653259593,8,17,0.120208740234375,0.001278023906555756,2.725490196078431,1.235294117647059
lam3_0.01,-4.745675810729274,0.001376436915282899,9,17,0.644134521484375,0.001183453072760622,2.450980392156863,1.6274509803921569
lam3_0.02,-4.7465374327950585,0.0005148148494980282,7,17,0.677703857421875,0.0005998317610173782,2.098039215686274,1.4313725490196079
top5_by_reliability,-4.744286927821878,0.0027653198226787697,9,17,0.8536376953125,0.0005955797750601302,5.0,5.392156862745098
top8_by_reliability,-4.747975453529347,-0.0009232058847900996,11,17,0.51708984375,0.0008189413363873734,8.0,7.411764705882352
