point,origin,setting,cv_loss,c_direction_h1,c_direction_h5,c_volatility_h1,c_volatility_h5,n_edges
0,2010-01-04,default,-3.909912285609973,0.7051020546242368,0.71245584425451,-6.165150557068882,-4.489789811908557,2.6666666666666665
0,2010-01-04,A1_no_evolution_top3,-3.899742866812695,0.7040174081931688,0.7101677470197437,-6.149693393040648,-4.478162651010567,3.0
0,2010-01-04,A2_no_variance_penalty,-3.897209705254391,0.7088212011586096,0.72338852271631,-6.162732438613513,-4.496106419645109,1.6666666666666667
0,2010-01-04,A3_no_sparsity,-3.909878559165806,0.7067620356388167,0.7082968749457208,-6.159418905332726,-4.490456034167961,3.0
0,2010-01-04,all_edges_on,-3.9099972576801125,0.7058668512241693,0.7089968900506947,-6.171932433762906,-4.477789564147047,15.0
0,2010-01-04,exhaustive_optimum,-3.899555617319983,0.7091681903525344,0.718639818914721,-6.162629048080889,-4.492098205093588,2.3333333333333335
0,2010-01-04,pop_20,-3.9018046526025505,0.7099774516227025,0.716817814345633,-6.167384369040981,-4.489815468100791,3.3333333333333335
0,2010-01-04,pop_100,-3.899555617319983,0.7091681903525344,0.718639818914721,-6.162629048080889,-4.492098205093588,2.3333333333333335
0,2010-01-04,gens_30,-3.91052252603471,0.7069928833432892,0.7098600945126224,-6.165770462220223,-4.48898054556102,2.6666666666666665
0,2010-01-04,gens_300,-3.899555617319983,0.7091681903525344,0.718639818914721,-6.162629048080889,-4.492098205093588,2.3333333333333335
0,2010-01-04,rate_0.15,-3.899555617319983,0.7091681903525344,0.718639818914721,-6.162629048080889,-4.492098205093588,2.3333333333333335
0,2010-01-04,rate_0.5,-3.9094762549336948,0.704871206919764,0.7108926246876085,-6.159197516589764,-4.491282656492371,3.0
0,2010-01-04,alpha_beta_1,-3.9021287680291015,0.7102082993271753,0.7183810339125345,-6.173162722185201,-4.488273480352421,3.0
0,2010-01-04,alpha_beta_0.25,-3.906273680219112,0.7053241893289882,0.7110682746473889,-6.154088269516573,-4.491244018874404,2.3333333333333335
0,2010-01-04,subwindow_10,-3.9083670677490887,0.7045787264547125,0.7112784494266641,-6.155700387526527,-4.492748099734404,2.6666666666666665
0,2010-01-04,subwindow_42,-3.903214628864785,0.7089460556477829,0.7200273885218421,-6.173742179465751,-4.490633966603069,2.6666666666666665
0,2010-01-04,lam3_0.002,-3.9021287680291015,0.7102082993271753,0.7183810339125345,-6.173162722185201,-4.488273480352421,3.0
0,2010-01-04,lam3_0.01,-3.8986511533985957,0.7106644841067068,0.7181442448324153,-6.1600901612121985,-4.494829603463237,2.3333333333333335
0,2010-01-04,lam3_0.02,-3.9039916881317795,0.7049772001350633,0.715816978448978,-6.154243618615437,-4.495328114816204,1.6666666666666667
0,2010-01-04,top5_by_reliability,-3.902984081309726,0.707233770913739,0.7066970731457187,-6.163057648192039,-4.470772202546328,5.0
0,2010-01-04,top8_by_reliability,-3.9065855825266578,0.7047741112857638,0.7121361394688144,-6.170035853663475,-4.476955812898996,8.0
1,2011-01-03,default,-4.478380498789668,0.687849153019602,0.6659858583848886,-6.649509614033012,-5.014921406355305,3.0
1,2011-01-03,A1_no_evolution_top3,-4.4685261542540164,0.6871926914883734,0.6644628752224156,-6.633416695417182,-5.00694674651243,3.0
1,2011-01-03,A2_no_variance_penalty,-4.476590010068191,0.6892613865693022,0.6664787714286667,-6.6423512903186435,-5.022309045813676,2.6666666666666665
1,2011-01-03,A3_no_sparsity,-4.478380498789668,0.687849153019602,0.6659858583848886,-6.649509614033012,-5.014921406355305,3.0
1,2011-01-03,all_edges_on,-4.482217941374412,0.6859250885534002,0.6651070680189632,-6.631566447096455,-5.034933748797095,15.0
1,2011-01-03,exhaustive_optimum,-4.476590010068191,0.6892613865693022,0.6664787714286667,-6.6423512903186435,-5.022309045813676,2.6666666666666665
1,2011-01-03,pop_20,-4.479535843998205,0.6878995676575715,0.6658761523967219,-6.641731517062005,-5.024891611042992,3.0
1,2011-01-03,pop_100,-4.4769533248643425,0.6872684429364354,0.6660741327337862,-6.647293680575437,-5.013298120493691,3.3333333333333335
1,2011-01-03,gens_30,-4.483245737054142,0.68814032903258,0.665444047431882,-6.639743577328376,-5.033916649708833,3.6666666666666665
1,2011-01-03,gens_300,-4.478116742214919,0.689149890658913,0.6678090096423459,-6.641457704262953,-5.028693580769403,2.3333333333333335
1,2011-01-03,rate_0.15,-4.476590010068191,0.6892613865693022,0.6664787714286667,-6.6423512903186435,-5.022309045813676,2.6666666666666665
1,2011-01-03,rate_0.5,-4.4808914771203465,0.692455254461215,0.6644895818234935,-6.641447786259361,-5.034224840550748,3.0
1,2011-01-03,alpha_beta_1,-4.46895625503881,0.6894971854350942,0.6642801736234527,-6.6396499157478654,-5.005817312446849,2.6666666666666665
1,2011-01-03,alpha_beta_0.25,-4.481133954743015,0.6908280023574878,0.663539041434507,-6.648674313768911,-5.02232768330111,3.3333333333333335
1,2011-01-03,subwindow_10,-4.482892988254312,0.6866373378826477,0.6634530412064216,-6.648842616541925,-5.017124118144837,3.0
1,2011-01-03,subwindow_42,-4.47570270568031,0.6896904329641736,0.6658696748858238,-6.6342799849777165,-5.028245642082898,2.3333333333333335
1,2011-01-03,lam3_0.002,-4.480547841034009,0.6904588591587941,0.6643083262266899,-6.646491687613284,-5.024138365225703,3.6666666666666665
1,2011-01-03,lam3_0.01,-4.4769533248643425,0.6872684429364354,0.6660741327337862,-6.647293680575437,-5.013298120493691,3.3333333333333335
1,2011-01-03,lam3_0.02,-4.4826069831686475,0.6879380755219586,0.665276192463879,-6.640320540109832,-5.031321962199138,2.3333333333333335
1,2011-01-03,top5_by_reliability,-4.475792637183757,0.6844915303428947,0.6648858618381223,-6.627167929849481,-5.0231721288800655,5.0
1,2011-01-03,top8_by_reliability,-4.4817308389092165,0.6871259601318703,0.6658956814364361,-6.635961700644744,-5.033543260310301,8.0
2,2012-01-03,default,-4.330203956256865,0.6850481655032772,0.6813552989421648,-6.519192870571865,-4.874021970832748,2.0
2,2012-01-03,A1_no_evolution_top3,-4.33751245962085,0.6844167436314742,0.6760562295368605,-6.523356089182976,-4.872614776395394,3.0
2,2012-01-03,A2_no_variance_penalty,-4.329976814314142,0.6850033971461177,0.6801993612105487,-6.517623904873703,-4.8727352404679145,2.6666666666666665
2,2012-01-03,A3_no_sparsity,-4.329440018181926,0.6849364346242794,0.6827128896932703,-6.526475188291417,-4.867703496707535,3.0
2,2012-01-03,all_edges_on,-4.335699661816942,0.6841538673719839,0.679862196771934,-6.525406301131138,-4.8740251507905805,15.0
2,2012-01-03,exhaustive_optimum,-4.3287369990756925,0.6856217677857169,0.680761474441066,-6.517382901991657,-4.872857580613293,2.0
2,2012-01-03,pop_20,-4.330203956256865,0.6850481655032772,0.6813552989421648,-6.519192870571865,-4.874021970832748,2.0
2,2012-01-03,pop_100,-4.330203956256865,0.6850481655032772,0.6813552989421648,-6.519192870571865,-4.874021970832748,2.0
2,2012-01-03,gens_30,-4.330152905786232,0.6854750487550085,0.6819579155984898,-6.521830897740885,-4.873340842538576,2.6666666666666665
2,2012-01-03,gens_300,-4.3287369990756925,0.6856217677857169,0.680761474441066,-6.517382901991657,-4.872857580613293,2.0
2,2012-01-03,rate_0.15,-4.3287369990756925,0.6856217677857169,0.680761474441066,-6.517382901991657,-4.872857580613293,2.0
2,2012-01-03,rate_0.5,-4.329819264357517,0.685697751691242,0.6847948497003846,-6.526366164380819,-4.874257567117469,3.0
2,2012-01-03,alpha_beta_1,-4.327072124111337,0.6850816584262491,0.6834108906716614,-6.518558665257718,-4.872570681160776,2.3333333333333335
2,2012-01-03,alpha_beta_0.25,-4.329729909332542,0.6851499199480459,0.6830586441603266,-6.522155470211919,-4.87372147666991,2.6666666666666665
2,2012-01-03,subwindow_10,-4.328360196825183,0.6849922457107587,0.6844509089764501,-6.522950875303186,-4.872655827721597,3.3333333333333335
2,2012-01-03,subwindow_42,-4.3312570768611005,0.6853827327391793,0.681569899163735,-6.52254642315303,-4.873872994375,2.3333333333333335
2,2012-01-03,lam3_0.002,-4.326214605919772,0.6842976041057793,0.6852596758254789,-6.523092714684015,-4.868451057018047,2.6666666666666665
2,2012-01-03,lam3_0.01,-4.3276836241424474,0.6855923458185968,0.6829793506013889,-6.520904454665916,-4.8716061864589495,3.0
2,2012-01-03,lam3_0.02,-4.327200747281584,0.6853889549945835,0.6822502194376577,-6.516993061653627,-4.872686781774023,2.3333333333333335
2,2012-01-03,top5_by_reliability,-4.336689290759074,0.6846321023786839,0.677627472809498,-6.523448563359132,-4.874449168535381,5.0
2,2012-01-03,top8_by_reliability,-4.336259685812739,0.6842001376735181,0.678868321576463,-6.52337734772847,-4.875278942396971,8.0
3,2013-01-25,default,-4.416204879558293,0.6894442132954673,0.6856153166699146,-6.607040157925585,-4.975488661121766,2.6666666666666665
3,2013-01-25,A1_no_evolution_top3,-4.437933860633722,0.6877379446745691,0.6904063358064444,-6.630078920549482,-5.002077361679988,3.0
3,2013-01-25,A2_no_variance_penalty,-4.4136795750414475,0.6869165210210085,0.6852553527605308,-6.609982012943766,-4.961720884702208,3.3333333333333335
3,2013-01-25,A3_no_sparsity,-4.421881722576969,0.6887818314011962,0.6832655318499579,-6.6135173995389245,-4.974340772117322,3.3333333333333335
3,2013-01-25,all_edges_on,-4.436902824559623,0.6885990372366227,0.6847304017543154,-6.627101452719104,-4.993363074382019,15.0
3,2013-01-25,exhaustive_optimum,-4.4135743647218195,0.6895291322930321,0.6833712011786299,-6.609454314022093,-4.96349508236487,3.0
3,2013-01-25,pop_20,-4.411695543099548,0.6867108024357336,0.6858318629202843,-6.612530741214604,-4.955945675696529,3.3333333333333335
3,2013-01-25,pop_100,-4.4135743647218195,0.6895291322930321,0.6833712011786299,-6.609454314022093,-4.96349508236487,3.0
3,2013-01-25,gens_30,-4.416204879558293,0.6894442132954673,0.6856153166699146,-6.607040157925585,-4.975488661121766,2.6666666666666665
3,2013-01-25,gens_300,-4.4135743647218195,0.6895291322930321,0.6833712011786299,-6.609454314022093,-4.96349508236487,3.0
3,2013-01-25,rate_0.15,-4.4135743647218195,0.6895291322930321,0.6833712011786299,-6.609454314022093,-4.96349508236487,3.0
3,2013-01-25,rate_0.5,-4.42289005715909,0.6878575429222986,0.6863027962024668,-6.617974639026966,-4.976126153540744,4.666666666666667
3,2013-01-25,alpha_beta_1,-4.4135743647218195,0.6895291322930321,0.6833712011786299,-6.609454314022093,-4.96349508236487,3.0
3,2013-01-25,alpha_beta_0.25,-4.41746291878443,0.6896854821424248,0.685854780995733,-6.611836649697031,-4.974169714148146,3.0
3,2013-01-25,subwindow_10,-4.414960221493118,0.6890071625002052,0.6830212307779158,-6.6112297990453275,-4.962747430497149,3.3333333333333335
3,2013-01-25,subwindow_42,-4.41681064397531,0.6883511666695271,0.684357266192965,-6.612840849423729,-4.966197304251876,2.6666666666666665
3,2013-01-25,lam3_0.002,-4.411911611313308,0.688624984172201,0.6829765964764711,-6.609369627334941,-4.957656756589019,3.0
3,2013-01-25,lam3_0.01,-4.40918754226239,0.6892343592830229,0.6840158899441544,-6.607012252040294,-4.9578633309388405,2.6666666666666665
3,2013-01-25,lam3_0.02,-4.414270597574225,0.6897384889258739,0.6871652723480065,-6.6076434877793915,-4.974705229916819,2.6666666666666665
3,2013-01-25,top5_by_reliability,-4.441874237175608,0.6884940376251548,0.6841184988846036,-6.630862320107017,-4.998111227263716,5.0
3,2013-01-25,top8_by_reliability,-4.440982664883659,0.6889887566243711,0.6828757599341079,-6.628486236878936,-4.997208126005341,8.0
4,2014-01-27,default,-4.327345764428106,0.6977085220378282,0.6994024377513437,-6.5705185246360935,-4.878394923798462,1.6666666666666667
4,2014-01-27,A1_no_evolution_top3,-4.3369662323074465,0.6991081717727926,0.6996125554085793,-6.570874019464584,-4.900499899513052,3.0
4,2014-01-27,A2_no_variance_penalty,-4.327401987612581,0.6955250189054267,0.7022256828491042,-6.56439052676987,-4.885914851964355,1.3333333333333333
4,2014-01-27,A3_no_sparsity,-4.329301199350662,0.6952215019527014,0.7042713614312359,-6.569632735689413,-4.887955389779786,3.0
4,2014-01-27,all_edges_on,-4.333524751007959,0.6988851116824384,0.7076259096350299,-6.579523811120809,-4.900547733530046,15.0
4,2014-01-27,exhaustive_optimum,-4.325261692609772,0.6975422673655507,0.7040465706048562,-6.5619048476111725,-4.891796213549185,1.0
4,2014-01-27,pop_20,-4.324316799143631,0.6964290878947345,0.7053243480167836,-6.566584167110612,-4.885556302999685,1.6666666666666667
4,2014-01-27,pop_100,-4.325261692609772,0.6975422673655507,0.7040465706048562,-6.5619048476111725,-4.891796213549185,1.0
4,2014-01-27,gens_30,-4.322045005590698,0.6978469139399456,0.704900954315214,-6.574828356478123,-4.874757391213593,4.0
4,2014-01-27,gens_300,-4.332781541133748,0.6942711490871856,0.7012535859163306,-6.566399176334254,-4.890213375940275,1.3333333333333333
4,2014-01-27,rate_0.15,-4.325261692609772,0.6975422673655507,0.7040465706048562,-6.5619048476111725,-4.891796213549185,1.0
4,2014-01-27,rate_0.5,-4.330116127991031,0.7037687049068324,0.7057997152263913,-6.576903247665372,-4.902465848583138,2.3333333333333335
4,2014-01-27,alpha_beta_1,-4.32055612825605,0.6982583324791746,0.7110389268274906,-6.569722835945365,-4.889983939180065,1.3333333333333333
4,2014-01-27,alpha_beta_0.25,-4.323394036778232,0.6969710957112689,0.7045324025731761,-6.561925395455914,-4.8878696746694414,1.3333333333333333
4,2014-01-27,subwindow_10,-4.328237861500764,0.6967983157353445,0.7029136269639937,-6.563173351203509,-4.892726257196695,2.0
4,2014-01-27,subwindow_42,-4.332906227226228,0.6928785234335941,0.7004542524030554,-6.558426431304365,-4.89405157482139,1.0
4,2014-01-27,lam3_0.002,-4.324984955756591,0.698934893019142,0.7048459041181313,-6.569829061039789,-4.887702444747939,1.3333333333333333
4,2014-01-27,lam3_0.01,-4.334797978260607,0.6942324265479634,0.702965015468756,-6.569357625726444,-4.8946332148282075,1.6666666666666667
4,2014-01-27,lam3_0.02,-4.332906227226228,0.6928785234335941,0.7004542524030554,-6.558426431304365,-4.89405157482139,1.0
4,2014-01-27,top5_by_reliability,-4.325937863178902,0.699473017954799,0.7053486257119228,-6.571727504403046,-4.889791509288203,5.0
4,2014-01-27,top8_by_reliability,-4.333400625201157,0.6992403739763662,0.7045278991907163,-6.577885386617221,-4.896452410119258,8.0
5,2015-02-17,default,-4.7321795513908915,0.7008227745801897,0.7221865928305822,-6.986604931423383,-5.3237729061799435,1.6666666666666667
5,2015-02-17,A1_no_evolution_top3,-4.738918629664273,0.7019494236228707,0.7191096821744571,-6.988500461391136,-5.331455009532064,3.0
5,2015-02-17,A2_no_variance_penalty,-4.734449660921314,0.702696006999379,0.718247132916516,-6.9827699695451555,-5.328015632129262,1.0
5,2015-02-17,A3_no_sparsity,-4.735018195719369,0.7005042148779389,0.7204555003863535,-6.985307156844108,-5.326648665123214,3.0
5,2015-02-17,all_edges_on,-4.737710368597204,0.7017651742435789,0.720641761437076,-6.989336465014482,-5.330898143541237,15.0
5,2015-02-17,exhaustive_optimum,-4.733072911182658,0.7012039060985733,0.7201047026145204,-6.980953793926449,-5.327809245865054,1.3333333333333333
5,2015-02-17,pop_20,-4.737052216807407,0.6999194862025455,0.7204559725932372,-6.988156172270257,-5.326699178936123,3.6666666666666665
5,2015-02-17,pop_100,-4.738587987797584,0.7027804777770783,0.7205443534297594,-6.991402929217613,-5.33242270879123,1.3333333333333333
5,2015-02-17,gens_30,-4.731467275185138,0.6995367515390952,0.7255450519331684,-6.988445763749799,-5.324652393565004,2.6666666666666665
5,2015-02-17,gens_300,-4.731197654811115,0.6993306736793842,0.7240441625285865,-6.985657221619133,-5.323487760419039,2.0
5,2015-02-17,rate_0.15,-4.733072911182658,0.7012039060985733,0.7201047026145204,-6.980953793926449,-5.327809245865054,1.3333333333333333
5,2015-02-17,rate_0.5,-4.734336906986359,0.700722368143721,0.7230876388475403,-6.988326750484793,-5.327967077470448,1.6666666666666667
5,2015-02-17,alpha_beta_1,-4.730695777001107,0.7003584571140833,0.7217519395607138,-6.9846771806631,-5.320935166688709,2.3333333333333335
5,2015-02-17,alpha_beta_0.25,-4.733142165471856,0.7001879219742926,0.7284745535561398,-6.9916207770194605,-5.331988504985116,1.3333333333333333
5,2015-02-17,subwindow_10,-4.733864324540752,0.701680022875098,0.7266169838581352,-6.991700636304271,-5.3326220262437,1.0
5,2015-02-17,subwindow_42,-4.730743991902953,0.702125898458447,0.724591876291114,-6.989654153128112,-5.325269380176916,1.3333333333333333
5,2015-02-17,lam3_0.002,-4.733993388888873,0.6996657282707871,0.7200233152017489,-6.984907465919391,-5.322457398803428,2.6666666666666665
5,2015-02-17,lam3_0.01,-4.732497661106741,0.7005187064952457,0.728316153466366,-6.990708645417216,-5.33195639671949,1.3333333333333333
5,2015-02-17,lam3_0.02,-4.7211635897847675,0.7008338328183327,0.72703648922653,-6.979520444549838,-5.318547379109423,0.6666666666666666
5,2015-02-17,top5_by_reliability,-4.733208688718625,0.7014103613562224,0.7232328538842663,-6.985844028023106,-5.329859779895122,5.0
5,2015-02-17,top8_by_reliability,-4.734888099981472,0.7012799431908135,0.7215234447017121,-6.986775109149296,-5.3286078665986985,8.0
6,2016-02-17,default,-4.836384755269952,0.696188162008627,0.7105240228048555,-7.078165709302986,-5.408028170863882,3.6666666666666665
6,2016-02-17,A1_no_evolution_top3,-4.826506560381659,0.695369618379795,0.7148455820359748,-7.073316824194593,-5.400126697400264,3.0
6,2016-02-17,A2_no_variance_penalty,-4.830828086686409,0.69639118076091,0.7086451192367184,-7.0668112133586405,-5.404917560009434,3.3333333333333335
6,2016-02-17,A3_no_sparsity,-4.8337068352762085,0.6972590265869028,0.7079282852524384,-7.067299359430587,-5.4104889348005125,3.0
6,2016-02-17,all_edges_on,-4.825437644541352,0.697087872521153,0.7145924163029884,-7.075240431061803,-5.398995435669184,15.0
6,2016-02-17,exhaustive_optimum,-4.831677639354471,0.6972925676370835,0.7084925590268731,-7.065332105138618,-5.409593426898236,2.3333333333333335
6,2016-02-17,pop_20,-4.831797193432061,0.6959854039763926,0.70922174771961,-7.071671592363484,-5.4023370978926435,3.3333333333333335
6,2016-02-17,pop_100,-4.831677639354471,0.6972925676370835,0.7084925590268731,-7.065332105138618,-5.409593426898236,2.3333333333333335
6,2016-02-17,gens_30,-4.834680795657567,0.6956820967468919,0.7132425018882286,-7.080136784506466,-5.4070740040789085,3.6666666666666665
6,2016-02-17,gens_300,-4.827850004184084,0.6962492397703907,0.7116881775128298,-7.069420139912157,-5.402154703022451,2.6666666666666665
6,2016-02-17,rate_0.15,-4.831677639354471,0.6972925676370835,0.7084925590268731,-7.065332105138618,-5.409593426898236,2.3333333333333335
6,2016-02-17,rate_0.5,-4.8352937799845614,0.6960634684887129,0.7116757247708823,-7.078655890200256,-5.4074100562880565,3.6666666666666665
6,2016-02-17,alpha_beta_1,-4.830126949862286,0.6972606840001853,0.7085224380378328,-7.066151242441459,-5.405668901359148,2.6666666666666665
6,2016-02-17,alpha_beta_0.25,-4.826464221242446,0.6961619668547474,0.7123498012407629,-7.071540851437575,-5.398411127238338,3.6666666666666665
6,2016-02-17,subwindow_10,-4.832090923637932,0.697296479553888,0.7088733428129319,-7.066386573754075,-5.41013491825543,2.6666666666666665
6,2016-02-17,subwindow_42,-4.833810521858459,0.6961009214556979,0.7126207823313758,-7.077992542267494,-5.407071909023571,3.3333333333333335
6,2016-02-17,lam3_0.002,-4.828266270207738,0.6961938504916458,0.7123199222298032,-7.0707159203436385,-5.402844165514735,3.3333333333333335
6,2016-02-17,lam3_0.01,-4.831171719474891,0.6971725548648345,0.7095291426498862,-7.067091615201614,-5.40865521877761,2.0
6,2016-02-17,lam3_0.02,-4.836250730369635,0.6970470382131219,0.7081126410530467,-7.074600296963054,-5.408220522308552,2.0
6,2016-02-17,top5_by_reliability,-4.83443610455315,0.6948068920188296,0.7113569048558686,-7.078589688541969,-5.402610114313728,5.0
6,2016-02-17,top8_by_reliability,-4.827525931441592,0.6957570520181149,0.7143766500969518,-7.075955722976327,-5.399363544136991,8.0
7,2017-03-10,default,-5.016713526639737,0.6935850216103399,0.6912028230956353,-7.2097986606091204,-5.5932040820823055,2.3333333333333335
7,2017-03-10,A1_no_evolution_top3,-5.017071054920834,0.6941656851305152,0.695097511026496,-7.215234447001032,-5.597434055154658,3.0
7,2017-03-10,A2_no_variance_penalty,-5.014455085099152,0.6948711321161386,0.6944957170048355,-7.213013272443843,-5.594630595996409,2.3333333333333335
7,2017-03-10,A3_no_sparsity,-5.013588406082692,0.6942874475101458,0.6966377139827411,-7.213909670458244,-5.5951174646929145,2.6666666666666665
7,2017-03-10,all_edges_on,-5.01390015459262,0.6949766747012298,0.695388038590137,-7.213966487352676,-5.594563248415298,15.0
7,2017-03-10,exhaustive_optimum,-5.012741366711185,0.6951930719851054,0.6952401424114986,-7.213254739379163,-5.5930944228364154,1.6666666666666667
7,2017-03-10,pop_20,-5.012548206426196,0.696090860991563,0.6948838613557152,-7.213176127287108,-5.59386973025984,2.3333333333333335
7,2017-03-10,pop_100,-5.012414606620992,0.6950844454447023,0.6947388979495681,-7.212014450068415,-5.5924614499621095,2.3333333333333335
7,2017-03-10,gens_30,-5.014785513346746,0.6950566979010888,0.6960911060546643,-7.216204012744338,-5.595662621860661,2.6666666666666665
7,2017-03-10,gens_300,-5.012741366711185,0.6951930719851054,0.6952401424114986,-7.213254739379163,-5.5930944228364154,1.6666666666666667
7,2017-03-10,rate_0.15,-5.012741366711185,0.6951930719851054,0.6952401424114986,-7.213254739379163,-5.5930944228364154,1.6666666666666667
7,2017-03-10,rate_0.5,-5.016555034870344,0.6935879755032699,0.6916255331397613,-7.210249297482473,-5.593287789544279,2.3333333333333335
7,2017-03-10,alpha_beta_1,-5.016189028394022,0.6942577191912555,0.6932539304872151,-7.21305872857098,-5.594342627574006,2.6666666666666665
7,2017-03-10,alpha_beta_0.25,-5.015829703220449,0.6936840449171886,0.6944274924858661,-7.214266957005368,-5.59361552424164,2.6666666666666665
7,2017-03-10,subwindow_10,-5.014455085099152,0.6948711321161386,0.6944957170048355,-7.213013272443843,-5.594630595996409,2.3333333333333335
7,2017-03-10,subwindow_42,-5.019594436408589,0.6929192197446588,0.690901851903723,-7.2135029438964855,-5.593328072217456,2.3333333333333335
7,2017-03-10,lam3_0.002,-5.015571042896156,0.6943514210333674,0.6939218421238706,-7.212999798010139,-5.59468881409665,3.0
7,2017-03-10,lam3_0.01,-5.019420426996813,0.6935186110473974,0.6922243066752013,-7.21543837047934,-5.594888318959484,2.6666666666666665
7,2017-03-10,lam3_0.02,-5.017825322696441,0.6941503354739139,0.6926018541536466,-7.213973839507498,-5.595181185140506,2.0
7,2017-03-10,top5_by_reliability,-5.018222770125966,0.6938172644987891,0.694311869862912,-7.215975039854873,-5.596728769120461,5.0
7,2017-03-10,top8_by_reliability,-5.016009792420075,0.6941618361696902,0.694615130096802,-7.214551560872156,-5.595021956500978,8.0
8,2018-03-13,default,-5.2126412263795405,0.6988565685389073,0.6997190809137066,-7.407187696352716,-5.815246055311592,3.3333333333333335
8,2018-03-13,A1_no_evolution_top3,-5.221815221075089,0.6974244750035395,0.6910684274187486,-7.402412010534193,-5.818204236460561,3.0
8,2018-03-13,A2_no_variance_penalty,-5.217585175738459,0.6976336469152152,0.6923460776959515,-7.401519603930278,-5.813610196768973,2.6666666666666665
8,2018-03-13,A3_no_sparsity,-5.2136139853262335,0.6984358409821142,0.6991438180543326,-7.406315193614308,-5.8160720951110525,2.6666666666666665
8,2018-03-13,all_edges_on,-5.22253844902561,0.6979226650791385,0.6936077296008399,-7.409517862782799,-5.818619824628376,15.0
8,2018-03-13,exhaustive_optimum,-5.2130042086459945,0.6978652983067314,0.6976666018730812,-7.401931466339977,-5.815140751311636,2.0
8,2018-03-13,pop_20,-5.214539977335982,0.697627994750566,0.6977332689675241,-7.4079709308079025,-5.811831551300242,2.6666666666666665
8,2018-03-13,pop_100,-5.2130042086459945,0.6978652983067314,0.6976666018730812,-7.401931466339977,-5.815140751311636,2.0
8,2018-03-13,gens_30,-5.224444209326361,0.6978452116181743,0.6919418691053059,-7.411521107544056,-5.8169414725556265,4.333333333333333
8,2018-03-13,gens_300,-5.2130042086459945,0.6978652983067314,0.6976666018730812,-7.401931466339977,-5.815140751311636,2.0
8,2018-03-13,rate_0.15,-5.2130042086459945,0.6978652983067314,0.6976666018730812,-7.401931466339977,-5.815140751311636,2.0
8,2018-03-13,rate_0.5,-5.21546416143069,0.6975118216537135,0.6993145759858669,-7.408370713734944,-5.816210404405598,3.0
8,2018-03-13,alpha_beta_1,-5.21223084909682,0.6993562293902843,0.6965280766942799,-7.399702334267004,-5.816527976095766,2.3333333333333335
8,2018-03-13,alpha_beta_0.25,-5.21259060136907,0.6985841552127682,0.6974196869827106,-7.399691124650637,-5.81749776247846,2.3333333333333335
8,2018-03-13,subwindow_10,-5.21217083743427,0.6984315338890286,0.6964794138992715,-7.397432476336322,-5.8167310941088175,2.6666666666666665
8,2018-03-13,subwindow_42,-5.215981731771887,0.6981993081735294,0.6930649030534746,-7.3973728457588805,-5.8171190402389,2.3333333333333335
8,2018-03-13,lam3_0.002,-5.213117116933453,0.6985282108367588,0.6989335884617405,-7.405864619350306,-5.8152932131135975,3.0
8,2018-03-13,lam3_0.01,-5.2170386946403084,0.6981746712130569,0.6927397599203133,-7.3974754245868715,-5.818430826960486,2.0
8,2018-03-13,lam3_0.02,-5.213634724091051,0.6982836028101822,0.6986075386709935,-7.40484987565802,-5.816201855486432,2.0
8,2018-03-13,top5_by_reliability,-5.220206907215028,0.6983398709272312,0.6927213848382674,-7.4064027225058835,-5.816133603455169,5.0
8,2018-03-13,top8_by_reliability,-5.220026675317159,0.6980022142902987,0.6938204273167332,-7.406806978048976,-5.816891655799407,8.0
9,2019-04-03,default,-5.523038871569852,0.6952459466566001,0.6846509086975955,-7.709554128453697,-6.0963173253943985,3.0
9,2019-04-03,A1_no_evolution_top3,-5.525536850234157,0.6956643109924996,0.6877596254075623,-7.718881871527191,-6.099039701741246,3.0
9,2019-04-03,A2_no_variance_penalty,-5.522431751784883,0.6962121161280184,0.6841750437234139,-7.7106426502296435,-6.094995173042987,2.3333333333333335
9,2019-04-03,A3_no_sparsity,-5.52879949978167,0.6952609962940371,0.6879553817376368,-7.71479737467494,-6.109234380951746,3.6666666666666665
9,2019-04-03,all_edges_on,-5.528438821699192,0.6951845715378686,0.68651057140307,-7.710923332674381,-6.1093445966058795,15.0
9,2019-04-03,exhaustive_optimum,-5.522431751784883,0.6962121161280184,0.6841750437234139,-7.7106426502296435,-6.094995173042987,2.3333333333333335
9,2019-04-03,pop_20,-5.526001340621461,0.6956200328448641,0.6888171339962924,-7.715074470752015,-6.105802544173219,3.0
9,2019-04-03,pop_100,-5.528628275684714,0.6942889743630358,0.686006652457416,-7.715011506418895,-6.102836298591435,3.0
9,2019-04-03,gens_30,-5.523038871569852,0.6952459466566001,0.6846509086975955,-7.709554128453697,-6.0963173253943985,3.0
9,2019-04-03,gens_300,-5.520189417763435,0.6957833187759201,0.684102110363614,-7.708320396323668,-6.0918292974822705,2.6666666666666665
9,2019-04-03,rate_0.15,-5.527686773765767,0.696236061016073,0.6916115266708811,-7.723272356476067,-6.107796366429375,2.0
9,2019-04-03,rate_0.5,-5.525882190299951,0.6954946007395619,0.6904824092873895,-7.714864070406223,-6.108854330247583,3.6666666666666665
9,2019-04-03,alpha_beta_1,-5.522431751784883,0.6962121161280184,0.6841750437234139,-7.7106426502296435,-6.094995173042987,2.3333333333333335
9,2019-04-03,alpha_beta_0.25,-5.523194399235009,0.6953934095599669,0.6836095045807318,-7.7106831961198585,-6.093711430631557,3.3333333333333335
9,2019-04-03,subwindow_10,-5.520189417763435,0.6957833187759201,0.684102110363614,-7.708320396323668,-6.0918292974822705,2.6666666666666665
9,2019-04-03,subwindow_42,-5.520189417763435,0.6957833187759201,0.684102110363614,-7.708320396323668,-6.0918292974822705,2.6666666666666665
9,2019-04-03,lam3_0.002,-5.526538812869128,0.6954472809420673,0.6861958802198953,-7.714678916305965,-6.101685031756217,2.6666666666666665
9,2019-04-03,lam3_0.01,-5.530309971596324,0.6954712258301219,0.6936323631673628,-7.724537683672358,-6.114289437515261,2.3333333333333335
9,2019-04-03,lam3_0.02,-5.520354061666408,0.6953233736387138,0.6840937185878555,-7.705855547623804,-6.093686760162152,2.0
9,2019-04-03,top5_by_reliability,-5.523069183281427,0.695310263248044,0.6869782646855376,-7.714869726302949,-6.095845696127069,5.0
9,2019-04-03,top8_by_reliability,-5.526264987975222,0.6950050119857955,0.6864080668560839,-7.715321137134223,-6.100034996499979,8.0
10,2020-04-02,default,-5.535969382672021,0.6929992405955044,0.695591666516248,-7.7583115274159455,-6.090809052151601,2.3333333333333335
10,2020-04-02,A1_no_evolution_top3,-5.5217542155859505,0.6925741084637849,0.6948006140188243,-7.74628461170763,-6.071973264429489,3.0
10,2020-04-02,A2_no_variance_penalty,-5.534358273399577,0.6935549700598576,0.6968856792503301,-7.75963125192005,-6.089966593499479,2.6666666666666665
10,2020-04-02,A3_no_sparsity,-5.543761298483437,0.6923286817795682,0.6939791866111982,-7.759464644410934,-6.100673689337474,1.6666666666666667
10,2020-04-02,all_edges_on,-5.519396503477213,0.6932242384061568,0.6956792344382905,-7.749731011298977,-6.066868941344344,15.0
10,2020-04-02,exhaustive_optimum,-5.542500821534177,0.6925167514284407,0.6954739934694254,-7.760658852857239,-6.100324280006848,2.0
10,2020-04-02,pop_20,-5.53134641300477,0.6936483385031454,0.6968120243986171,-7.753814172449461,-6.089799379363604,3.6666666666666665
10,2020-04-02,pop_100,-5.542500821534177,0.6925167514284407,0.6954739934694254,-7.760658852857239,-6.100324280006848,2.0
10,2020-04-02,gens_30,-5.528696816864305,0.6931581514142755,0.6959184079789832,-7.755571523612125,-6.0799752289030025,4.666666666666667
10,2020-04-02,gens_300,-5.535969382672021,0.6929992405955044,0.695591666516248,-7.7583115274159455,-6.090809052151601,2.3333333333333335
10,2020-04-02,rate_0.15,-5.542500821534177,0.6925167514284407,0.6954739934694254,-7.760658852857239,-6.100324280006848,2.0
10,2020-04-02,rate_0.5,-5.520183861223361,0.6939344959978013,0.69506986318035,-7.7467460797763135,-6.071630361026712,2.6666666666666665
10,2020-04-02,alpha_beta_1,-5.542500821534177,0.6925167514284407,0.6954739934694254,-7.760658852857239,-6.100324280006848,2.0
10,2020-04-02,alpha_beta_0.25,-5.537538558960299,0.6929503207441129,0.6953109914390481,-7.756661249098569,-6.094938493188351,2.3333333333333335
10,2020-04-02,subwindow_10,-5.5370282281296355,0.6932312704616218,0.6953757415948366,-7.759224801014918,-6.09204567935727,2.3333333333333335
10,2020-04-02,subwindow_42,-5.544755317172141,0.6921552670461892,0.6958363156616519,-7.764377725559428,-6.1011160742005375,2.3333333333333335
10,2020-04-02,lam3_0.002,-5.537538558960299,0.6929503207441129,0.6953109914390481,-7.756661249098569,-6.094938493188351,2.3333333333333335
10,2020-04-02,lam3_0.01,-5.537538558960299,0.6929503207441129,0.6953109914390481,-7.756661249098569,-6.094938493188351,2.3333333333333335
10,2020-04-02,lam3_0.02,-5.549310556878822,0.6921599700895127,0.6949387439459687,-7.7697091529210605,-6.103109388907546,2.0
10,2020-04-02,top5_by_reliability,-5.515703229604945,0.6926390190879026,0.6954666667658861,-7.744451101391293,-6.0631667295261735,5.0
10,2020-04-02,top8_by_reliability,-5.526684074185316,0.692897132347537,0.6957149469544103,-7.757130112334508,-6.073462194640019,8.0
11,2021-04-23,default,-4.981207529176434,0.6928331194048419,0.6959142631180127,-7.194756572295821,-5.5451532511027555,2.3333333333333335
11,2021-04-23,A1_no_evolution_top3,-4.927960874579952,0.6926532778611298,0.6966600565755117,-7.149126007490405,-5.485422410542782,3.0
11,2021-04-23,A2_no_variance_penalty,-4.960029960831442,0.6915614128541906,0.6945909514538192,-7.169316673454826,-5.5230479768240786,3.3333333333333335
11,2021-04-23,A3_no_sparsity,-4.961492985489864,0.6927418401813525,0.6958165817480501,-7.171004048552909,-5.529098766285623,3.0
11,2021-04-23,all_edges_on,-4.946757180093031,0.6921528057391526,0.695055067102775,-7.1686662261611795,-5.499263879708737,15.0
11,2021-04-23,exhaustive_optimum,-4.960249414676186,0.6928153729322921,0.6955802205407267,-7.168120869242167,-5.529169147056241,2.6666666666666665
11,2021-04-23,pop_20,-4.953570386990845,0.6929841273235796,0.6956662740091247,-7.17064889735907,-5.513792679288029,3.6666666666666665
11,2021-04-23,pop_100,-4.958474068464735,0.6915216043416066,0.6949790641068242,-7.167224072016105,-5.522725401810227,3.0
11,2021-04-23,gens_30,-4.972641332703631,0.6913975613183283,0.6953316779300823,-7.188007979883188,-5.530733164020896,3.0
11,2021-04-23,gens_300,-4.960249414676186,0.6928153729322921,0.6955802205407267,-7.168120869242167,-5.529169147056241,2.6666666666666665
11,2021-04-23,rate_0.15,-4.960249414676186,0.6928153729322921,0.6955802205407267,-7.168120869242167,-5.529169147056241,2.6666666666666665
11,2021-04-23,rate_0.5,-4.941363784571284,0.693275853442257,0.6992564934775265,-7.159066814048073,-5.5087254489340625,3.0
11,2021-04-23,alpha_beta_1,-4.958474068464735,0.6915216043416066,0.6949790641068242,-7.167224072016105,-5.522725401810227,3.0
11,2021-04-23,alpha_beta_0.25,-4.974582630869376,0.691200837366118,0.6957609987506468,-7.1873897233499395,-5.535699210622343,2.3333333333333335
11,2021-04-23,subwindow_10,-4.960993117734983,0.6912861415465221,0.6952233221888242,-7.170301259159447,-5.524703903781212,2.6666666666666665
11,2021-04-23,subwindow_42,-4.965497599802772,0.6928620837331925,0.6960107272562512,-7.176782384669067,-5.531958436915365,2.6666666666666665
11,2021-04-23,lam3_0.002,-4.949148691835166,0.6937184116983697,0.6977755342511804,-7.157198124706379,-5.524087150863054,2.3333333333333335
11,2021-04-23,lam3_0.01,-4.965461180635584,0.6925990004024568,0.6941622079703155,-7.174325012849594,-5.530119765167119,2.6666666666666665
11,2021-04-23,lam3_0.02,-4.965461180635584,0.6925990004024568,0.6941622079703155,-7.174325012849594,-5.530119765167119,2.6666666666666665
11,2021-04-23,top5_by_reliability,-4.934077634007015,0.6917803857370074,0.6964060812093121,-7.157205212725599,-5.48732298918107,5.0
11,2021-04-23,top8_by_reliability,-4.949522727311964,0.6916610971130127,0.6951910406821603,-7.167879694275556,-5.504870035938719,8.0
12,2022-04-22,default,-4.668640721895669,0.6902654305504714,0.7022680991744091,-6.916665644819704,-5.205682858421396,3.6666666666666665
12,2022-04-22,A1_no_evolution_top3,-4.670934484950353,0.6896007504633276,0.7023424124516502,-6.913781190916325,-5.211974104814336,3.0
12,2022-04-22,A2_no_variance_penalty,-4.660502241135167,0.6886844411194072,0.7022537053740098,-6.906731142213283,-5.196149633043885,2.6666666666666665
12,2022-04-22,A3_no_sparsity,-4.672177805817588,0.6900918324110511,0.6965060470587645,-6.911080450203561,-5.206470920371246,3.6666666666666665
12,2022-04-22,all_edges_on,-4.680857985831915,0.6895659828578866,0.6999207510707832,-6.9185846130199256,-5.222104826501245,15.0
12,2022-04-22,exhaustive_optimum,-4.662003063809047,0.6900782470156552,0.7007786707171084,-6.911192928967276,-5.194527034116346,3.0
12,2022-04-22,pop_20,-4.666757117931567,0.6897163374672269,0.698345920952378,-6.912365271869471,-5.197273480832873,2.6666666666666665
12,2022-04-22,pop_100,-4.662003063809047,0.6900782470156552,0.7007786707171084,-6.911192928967276,-5.194527034116346,3.0
12,2022-04-22,gens_30,-4.658355906523601,0.6896392524344555,0.704788491776788,-6.904540880696314,-5.201026420773375,2.6666666666666665
12,2022-04-22,gens_300,-4.662003063809047,0.6900782470156552,0.7007786707171084,-6.911192928967276,-5.194527034116346,3.0
12,2022-04-22,rate_0.15,-4.662003063809047,0.6900782470156552,0.7007786707171084,-6.911192928967276,-5.194527034116346,3.0
12,2022-04-22,rate_0.5,-4.68782577223018,0.6889624050670425,0.6986877618054077,-6.9211847097204995,-5.229767168484762,4.666666666666667
12,2022-04-22,alpha_beta_1,-4.663690378800191,0.6889418880196,0.7031618895838828,-6.908049659919206,-5.203538652888143,3.0
12,2022-04-22,alpha_beta_0.25,-4.661937513419091,0.688809677156138,0.7051140071754245,-6.910825458735674,-5.200896936765632,3.0
12,2022-04-22,subwindow_10,-4.660502241135167,0.6886844411194072,0.7022537053740098,-6.906731142213283,-5.196149633043885,2.6666666666666665
12,2022-04-22,subwindow_42,-4.681892263225766,0.6892509258158291,0.7016734302336198,-6.920547035066665,-5.225086203483764,4.333333333333333
12,2022-04-22,lam3_0.002,-4.662003063809047,0.6900782470156552,0.7007786707171084,-6.911192928967276,-5.194527034116346,3.0
12,2022-04-22,lam3_0.01,-4.662003063809047,0.6900782470156552,0.7007786707171084,-6.911192928967276,-5.194527034116346,3.0
12,2022-04-22,lam3_0.02,-4.666757117931567,0.6897163374672269,0.698345920952378,-6.912365271869471,-5.197273480832873,2.6666666666666665
12,2022-04-22,top5_by_reliability,-4.668154635720766,0.6896689417920119,0.7039244713396117,-6.9167864904561105,-5.206709607248669,5.0
12,2022-04-22,top8_by_reliability,-4.675393365579694,0.6897714212287859,0.7044890326157403,-6.919818386700393,-5.219489252148048,8.0
13,2023-05-12,default,-4.594468576691049,0.6872740161032795,0.6914620093702131,-6.797638067345546,-5.1487711369835365,3.3333333333333335
13,2023-05-12,A1_no_evolution_top3,-4.557029589324157,0.6916806029007958,0.7068488335261686,-6.7715521386984046,-5.139565912803838,3.0
13,2023-05-12,A2_no_variance_penalty,-4.589041839125666,0.6863553649082553,0.6983931046409702,-6.803640794629793,-5.1439398227199895,2.3333333333333335
13,2023-05-12,A3_no_sparsity,-4.594218562418071,0.6873344650339018,0.6937379184784935,-6.800039605904926,-5.150542285956006,2.3333333333333335
13,2023-05-12,all_edges_on,-4.5908310404769,0.6888900289268295,0.6946726907713209,-6.796903923749046,-5.1518835966010545,15.0
13,2023-05-12,exhaustive_optimum,-4.592641642747671,0.6869235074285318,0.6937176321449334,-6.800813007079149,-5.145752557563123,2.3333333333333335
13,2023-05-12,pop_20,-4.593189101856844,0.6866701890102751,0.6937244035750973,-6.797010136805359,-5.150157252079072,3.0
13,2023-05-12,pop_100,-4.587292763343994,0.6865873278871077,0.697123576193874,-6.8003629161745,-5.141644418675451,2.0
13,2023-05-12,gens_30,-4.593084831112091,0.6869166426665863,0.6932397857500638,-6.802490640643938,-5.143991878413545,3.3333333333333335
13,2023-05-12,gens_300,-4.592641642747671,0.6869235074285318,0.6937176321449334,-6.800813007079149,-5.145752557563123,2.3333333333333335
13,2023-05-12,rate_0.15,-4.592641642747671,0.6869235074285318,0.6937176321449334,-6.800813007079149,-5.145752557563123,2.3333333333333335
13,2023-05-12,rate_0.5,-4.581411527741686,0.6885748225080871,0.7015347760753313,-6.794375174566684,-5.148667078083524,3.6666666666666665
13,2023-05-12,alpha_beta_1,-4.592641642747671,0.6869235074285318,0.6937176321449334,-6.800813007079149,-5.145752557563123,2.3333333333333335
13,2023-05-12,alpha_beta_0.25,-4.598138177503737,0.6868163067339987,0.6947362595610278,-6.808285432113796,-5.15109605548373,2.6666666666666665
13,2023-05-12,subwindow_10,-4.589041839125666,0.6863553649082553,0.6983931046409702,-6.803640794629793,-5.1439398227199895,2.3333333333333335
13,2023-05-12,subwindow_42,-4.595361453123657,0.687662203575472,0.6929978002886761,-6.802680083562921,-5.149362830412691,3.3333333333333335
13,2023-05-12,lam3_0.002,-4.590191207215481,0.6870991556616047,0.6987199936568784,-6.80052449481685,-5.151496218251079,2.3333333333333335
13,2023-05-12,lam3_0.01,-4.5960191573456255,0.6868924664470113,0.6953564307706624,-6.803641728657435,-5.152894380469164,3.0
13,2023-05-12,lam3_0.02,-4.5915690751186755,0.686777940837671,0.6983651024547785,-6.79836835671638,-5.15505588010587,3.0
13,2023-05-12,top5_by_reliability,-4.574044989378292,0.6907476022446897,0.7027500593131609,-6.787907090618305,-5.147178211253979,5.0
13,2023-05-12,top8_by_reliability,-4.585464090580575,0.6898233206364006,0.7006252000322648,-6.793585405773658,-5.158239816724823,8.0
14,2024-05-14,default,-4.896380584136838,0.694224177232876,0.6930329850469481,-7.090557246276363,-5.4767182465569615,2.6666666666666665
14,2024-05-14,A1_no_evolution_top3,-4.905278614483741,0.6940517700823194,0.6924558406509861,-7.099747064172043,-5.48382538626205,3.0
14,2024-05-14,A2_no_variance_penalty,-4.899666452792771,0.694141627761998,0.6932116522283759,-7.094554579758101,-5.47948488580819,3.0
14,2024-05-14,A3_no_sparsity,-4.898528022460464,0.6937730146388804,0.6924574373312665,-7.092357846717798,-5.477159102143425,3.3333333333333335
14,2024-05-14,all_edges_on,-4.90714970956225,0.6941267841000005,0.6920668945047331,-7.104086586075237,-5.482600190258731,15.0
14,2024-05-14,exhaustive_optimum,-4.900167444288724,0.6935717629058945,0.6929389499581964,-7.095190420310178,-5.478165893995451,2.0
14,2024-05-14,pop_20,-4.901402186833281,0.6936257321767881,0.6929711567018652,-7.095962127730655,-5.480036023693215,2.6666666666666665
14,2024-05-14,pop_100,-4.895493808310535,0.6944537258976985,0.6932390421958299,-7.090812182987336,-5.475560969820791,2.3333333333333335
14,2024-05-14,gens_30,-4.898536089641713,0.6946184927711152,0.6931371470213471,-7.09368778945987,-5.47889566940848,3.6666666666666665
14,2024-05-14,gens_300,-4.895493808310535,0.6944537258976985,0.6932390421958299,-7.090812182987336,-5.475560969820791,2.3333333333333335
14,2024-05-14,rate_0.15,-4.900167444288724,0.6935717629058945,0.6929389499581964,-7.095190420310178,-5.478165893995451,2.0
14,2024-05-14,rate_0.5,-4.898939508906974,0.6940923676250094,0.6939370102131879,-7.0960523980588945,-5.477885375431448,3.3333333333333335
14,2024-05-14,alpha_beta_1,-4.897541917063774,0.6941463208600409,0.6932616262923587,-7.09388282537165,-5.476016903060697,2.6666666666666665
14,2024-05-14,alpha_beta_0.25,-4.895493808310535,0.6944537258976985,0.6932390421958299,-7.090812182987336,-5.475560969820791,2.3333333333333335
14,2024-05-14,subwindow_10,-4.899801428235122,0.6935966392699412,0.6934385774179056,-7.094360659451027,-5.479312630394912,2.6666666666666665
14,2024-05-14,subwindow_42,-4.894385613756991,0.6947672476800854,0.6937220811505443,-7.091336021712997,-5.474413863462244,2.6666666666666665
14,2024-05-14,lam3_0.002,-4.899835167849656,0.6936557360234591,0.6932159317640293,-7.094813328926916,-5.478600342347374,2.6666666666666665
14,2024-05-14,lam3_0.01,-4.9014887872450394,0.6940688135637102,0.6939377121250514,-7.099565427101139,-5.479425198766463,2.3333333333333335
14,2024-05-14,lam3_0.02,-4.89899236555269,0.6938852846882815,0.6934219889129111,-7.095437949392187,-5.477161328915579,2.3333333333333335
14,2024-05-14,top5_by_reliability,-4.905035471721006,0.6944546275763008,0.6916818139564315,-7.1013015637169135,-5.481042262790563,5.0
14,2024-05-14,top8_by_reliability,-4.907378599449467,0.694227153809322,0.6914863996162603,-7.104259265797402,-5.4819250399526975,8.0
15,2025-06-04,default,-4.766727905410785,0.6923631768475855,0.6854651710898909,-6.961908799161775,-5.327203707534748,3.0
15,2025-06-04,A1_no_evolution_top3,-4.768520338381876,0.6924158857323919,0.690184057022582,-6.9660306644049985,-5.336209897868701,3.0
15,2025-06-04,A2_no_variance_penalty,-4.766727905410785,0.6923631768475855,0.6854651710898909,-6.961908799161775,-5.327203707534748,3.0
15,2025-06-04,A3_no_sparsity,-4.772585514448597,0.692441875515104,0.6858080302827779,-6.9685816647598084,-5.33308917573315,3.0
15,2025-06-04,all_edges_on,-4.7712442156321435,0.692546350816247,0.6884782795907209,-6.970402800277955,-5.334134891800268,15.0
15,2025-06-04,exhaustive_optimum,-4.766719965647904,0.6924031988263143,0.6863532697501553,-6.963514963394667,-5.327437905054079,2.6666666666666665
15,2025-06-04,pop_20,-4.771756402028818,0.6926938359322202,0.6864709935431524,-6.9683121729340645,-5.333530290074317,2.6666666666666665
15,2025-06-04,pop_100,-4.766719965647904,0.6924031988263143,0.6863532697501553,-6.963514963394667,-5.327437905054079,2.6666666666666665
15,2025-06-04,gens_30,-4.766031497448771,0.6922514395389121,0.6864302115107406,-6.962037741661639,-5.327388555335208,3.0
15,2025-06-04,gens_300,-4.766719965647904,0.6924031988263143,0.6863532697501553,-6.963514963394667,-5.327437905054079,2.6666666666666665
15,2025-06-04,rate_0.15,-4.766719965647904,0.6924031988263143,0.6863532697501553,-6.963514963394667,-5.327437905054079,2.6666666666666665
15,2025-06-04,rate_0.5,-4.768701356702286,0.6920869443403442,0.6874800977651973,-6.96811269768986,-5.328424099925794,3.3333333333333335
15,2025-06-04,alpha_beta_1,-4.767253175555691,0.6923917885047634,0.6876512420179547,-6.9664777649774186,-5.3281146471794,2.6666666666666665
15,2025-06-04,alpha_beta_0.25,-4.768880930496382,0.6923976282509328,0.6855663310589092,-6.963819034433636,-5.3298707451788125,2.6666666666666665
15,2025-06-04,subwindow_10,-4.766719965647904,0.6924031988263143,0.6863532697501553,-6.963514963394667,-5.327437905054079,2.6666666666666665
15,2025-06-04,subwindow_42,-4.766727905410785,0.6923631768475855,0.6854651710898909,-6.961908799161775,-5.327203707534748,3.0
15,2025-06-04,lam3_0.002,-4.767536127752807,0.6922176963833314,0.6853401880362334,-6.9629421084924426,-5.327245915852302,2.6666666666666665
15,2025-06-04,lam3_0.01,-4.767536127752807,0.6922176963833314,0.6853401880362334,-6.9629421084924426,-5.327245915852302,2.6666666666666665
15,2025-06-04,lam3_0.02,-4.766719965647904,0.6924031988263143,0.6863532697501553,-6.963514963394667,-5.327437905054079,2.6666666666666665
15,2025-06-04,top5_by_reliability,-4.768567621498353,0.6925204892982787,0.689233532363386,-6.966306516422114,-5.334336769897921,5.0
15,2025-06-04,top8_by_reliability,-4.771019985148451,0.6924496159973266,0.6884270846005169,-6.96890523902956,-5.334888132463029,8.0
16,2026-06-04,default,-4.473488194081788,0.6895691194779001,0.6847478855616602,-6.666093892030043,-5.029516506212653,3.3333333333333335
16,2026-06-04,A1_no_evolution_top3,-4.46987212531665,0.688700548619813,0.6857039435079542,-6.663274550230022,-5.025278684658812,3.0
16,2026-06-04,A2_no_variance_penalty,-4.475664844932029,0.6892991477937221,0.6854349961890713,-6.669760815915766,-5.031037161913879,3.3333333333333335
16,2026-06-04,A3_no_sparsity,-4.477628026300531,0.688875995428597,0.6842131807369245,-6.670193151647129,-5.031241253284976,4.0
16,2026-06-04,all_edges_on,-4.478796750641787,0.6891490719836518,0.6839798842193681,-6.671618711895893,-5.0322327017937205,15.0
16,2026-06-04,exhaustive_optimum,-4.471850600550189,0.6898458498098632,0.68530838976591,-6.66589753965262,-5.028112140599305,2.6666666666666665
16,2026-06-04,pop_20,-4.476933328738282,0.6890928089873933,0.6843371096725047,-6.669055932133178,-5.031670562663181,3.3333333333333335
16,2026-06-04,pop_100,-4.471850600550189,0.6898458498098632,0.68530838976591,-6.66589753965262,-5.028112140599305,2.6666666666666665
16,2026-06-04,gens_30,-4.473488194081788,0.6895691194779001,0.6847478855616602,-6.666093892030043,-5.029516506212653,3.3333333333333335
16,2026-06-04,gens_300,-4.470194506231337,0.6900262019070253,0.6851612993825625,-6.66446747336423,-5.0262965416776195,3.0
16,2026-06-04,rate_0.15,-4.471850600550189,0.6898458498098632,0.68530838976591,-6.66589753965262,-5.028112140599305,2.6666666666666665
16,2026-06-04,rate_0.5,-4.473909005344549,0.6894161951098261,0.6856256804111658,-6.668083665724042,-5.029818096007039,3.3333333333333335
16,2026-06-04,alpha_beta_1,-4.474046185754161,0.6897259239966068,0.6847541092588055,-6.66748461233258,-5.029567825686566,3.0
16,2026-06-04,alpha_beta_0.25,-4.47629557014681,0.689368613435522,0.6846644869373595,-6.670077256886028,-5.030580084153355,3.6666666666666665
16,2026-06-04,subwindow_10,-4.47461651818405,0.6894885392487784,0.6852187674444637,-6.669232604132133,-5.02941504562245,3.3333333333333335
16,2026-06-04,subwindow_42,-4.47747679701559,0.6890314568196532,0.6848053536235615,-6.67048753541043,-5.032139679507178,3.6666666666666665
16,2026-06-04,lam3_0.002,-4.4746002025814615,0.6893744030178932,0.6849992759731846,-6.667488249495383,-5.030459513649696,2.6666666666666665
16,2026-06-04,lam3_0.01,-4.46872980990579,0.6901897861794927,0.6861924059414598,-6.664873411606798,-5.025350592446689,2.3333333333333335
16,2026-06-04,lam3_0.02,-4.482121423759986,0.6890684912245726,0.6847750133797186,-6.676173522509058,-5.035756334219496,1.6666666666666667
16,2026-06-04,top5_by_reliability,-4.474872427540282,0.6885592017910056,0.6849636849340957,-6.6683699256670765,-5.0284207028636905,5.0
16,2026-06-04,top8_by_reliability,-4.476444983274477,0.6888924996814674,0.6845210417649906,-6.669646949006881,-5.030070100434988,8.0
