h,point,model,logloss,logloss_base,hit,always_up,n,skill_mnats,hit_over_base
1,2012,linear,0.6821075780539991,0.6816244336247835,0.5773524720893142,0.5757575757575758,627,-0.4831444292155984,0.0015948963317383713
1,2012,gbm,0.6813062476983187,0.6816244336247835,0.5757575757575758,0.5757575757575758,627,0.31818592646482013,0.0
1,2015,linear,0.699959588192758,0.6921355294941982,0.47354497354497355,0.4775132275132275,756,-7.824058698559844,-0.003968253968253954
1,2015,gbm,0.6953787277868513,0.6921355294941982,0.544973544973545,0.4775132275132275,756,-3.243198292653071,0.0674603174603175
1,2018,linear,0.6944343904969553,0.6931436812137398,0.4973544973544973,0.49867724867724866,756,-1.2907092832155076,-0.0013227513227513366
1,2018,gbm,0.6929689171902024,0.6931436812137398,0.5171957671957672,0.49867724867724866,756,0.1747640235374437,0.018518518518518545
1,2021,linear,0.6845084308158784,0.6917467898903042,0.5383597883597884,0.5264550264550265,756,7.238359074425826,0.011904761904761862
1,2021,gbm,0.6785661254347649,0.6917467898903042,0.5846560846560847,0.5264550264550265,756,13.180664455539336,0.05820105820105814
1,2024,linear,0.6920546600742946,0.693133183126141,0.5013227513227513,0.5026455026455027,756,1.078523051846414,-0.001322751322751392
1,2024,gbm,0.6934701958034909,0.693133183126141,0.5013227513227513,0.5026455026455027,756,-0.3370126773498683,-0.001322751322751392
5,2012,linear,0.6747963257516042,0.673910883995676,0.5977564102564102,0.5977564102564102,624,-0.8854417559281957,0.0
5,2012,gbm,0.6735195623600833,0.673910883995676,0.5977564102564102,0.5977564102564102,624,0.39132163559274513,0.0
5,2015,linear,0.7163563796452114,0.6857241874247388,0.43915343915343913,0.43915343915343913,756,-30.632192220472533,0.0
5,2015,gbm,0.716918721499699,0.6857241874247388,0.43915343915343913,0.43915343915343913,756,-31.194534074960202,0.0
5,2018,linear,0.6937774622408801,0.6931331831261413,0.5158730158730159,0.4973544973544973,756,-0.6442791147388549,0.0185185185185186
5,2018,gbm,0.6948391845446467,0.6931331831261413,0.4828042328042328,0.4973544973544973,756,-1.7060014185054095,-0.014550264550264536
5,2021,linear,0.6920111639001382,0.6916031758694977,0.5277777777777778,0.5277777777777778,756,-0.4079880306404604,0.0
5,2021,gbm,0.6904501660025678,0.6916031758694977,0.5568783068783069,0.5277777777777778,756,1.1530098669298994,0.02910052910052907
5,2024,linear,0.6931490691565962,0.6928637070611731,0.5119047619047619,0.5119047619047619,756,-0.2853620954231806,0.0
5,2024,gbm,0.6929371830691845,0.6928637070611731,0.5304232804232805,0.5119047619047619,756,-0.07347600801144161,0.0185185185185186
10,2012,linear,0.6738270133397813,0.6686110312794407,0.6103059581320451,0.6103059581320451,621,-5.215982060340685,0.0
10,2012,gbm,0.667240791073068,0.6686110312794407,0.6103059581320451,0.6103059581320451,621,1.3702402063726637,0.0
10,2015,linear,0.72458009035499,0.6773553295502753,0.4113756613756614,0.4113756613756614,756,-47.22476080471472,0.0
10,2015,gbm,0.7196477546632952,0.6773553295502753,0.4246031746031746,0.4113756613756614,756,-42.292425113019895,0.013227513227513199
10,2018,linear,0.6948965584474897,0.693021198952949,0.5079365079365079,0.5079365079365079,756,-1.8753594945406515,0.0
10,2018,gbm,0.6960714399852506,0.693021198952949,0.4775132275132275,0.5079365079365079,756,-3.0502410323015594,-0.030423280423280408
10,2021,linear,0.6911246164765938,0.6907797564614974,0.5185185185185185,0.5343915343915344,756,-0.344860015096482,-0.015873015873015928
10,2021,gbm,0.6854746825276632,0.6907797564614974,0.5661375661375662,0.5343915343915344,756,5.30507393383417,0.031746031746031744
10,2024,linear,0.6932354038039212,0.6931436812137398,0.5,0.5013227513227513,756,-0.09172259018142004,-0.001322751322751281
10,2024,gbm,0.6944663971430888,0.6931436812137398,0.48412698412698413,0.5013227513227513,756,-1.322715929348961,-0.017195767195767153
21,2012,linear,0.6693588430319375,0.6387445485173644,0.6634146341463415,0.6634146341463415,615,-30.614294514573093,0.0
21,2012,gbm,0.6716302569122108,0.6387445485173644,0.6552845528455284,0.6634146341463415,615,-32.88570839484639,-0.008130081300813052
21,2015,linear,0.726078566932489,0.6540548103069316,0.4074074074074074,0.3611111111111111,756,-72.02375662555738,0.04629629629629628
21,2015,gbm,0.7273391173470398,0.6540548103069316,0.41534391534391535,0.3611111111111111,756,-73.28430704010825,0.054232804232804244
21,2018,linear,0.6916554062454788,0.6920129648318739,0.5264550264550265,0.47619047619047616,756,0.3575585863950792,0.050264550264550345
21,2018,gbm,0.6890208682298247,0.6920129648318739,0.4973544973544973,0.47619047619047616,756,2.9920966020492434,0.021164021164021163
21,2021,linear,0.6777079851223679,0.6930596944555506,0.5912698412698413,0.5066137566137566,756,15.35170933318275,0.08465608465608465
21,2021,gbm,0.6560408482456239,0.6930596944555506,0.6322751322751323,0.5066137566137566,756,37.01884620992668,0.1256613756613757
21,2024,linear,0.6923764415834316,0.6931436812137397,0.5343915343915344,0.49867724867724866,756,0.7672396303081142,0.035714285714285754
21,2024,gbm,0.6885577478581755,0.6931436812137397,0.5833333333333334,0.49867724867724866,756,4.585933355564231,0.0846560846560847
