coverage_target,n,coverage,accuracy,up_calls,always_up,edge,p_edge,p_coin,up_n,up_right,up_base,p_up,down_n,down_right,down_base,p_down,model,h,mode
0.1,833,0.20115914030427434,0.5378151260504201,1.0,0.5378151260504201,0.0,0.5,0.01581914996767841,833,0.5378151260504201,0.5378151260504201,0.5142070668132034,0,,0.46218487394957986,,climatology,1,causal
0.2,1149,0.27746921033566774,0.5535248041775457,1.0,0.5535248041775457,0.0,0.5,0.00015771794034208077,1149,0.5535248041775457,0.5535248041775457,0.5122566927477015,0,,0.4464751958224543,,climatology,1,causal
0.3,1381,0.33349432504226034,0.5423606082548877,1.0,0.5423606082548877,0.0,0.5,0.0008946771653773573,1381,0.5423606082548877,0.5423606082548877,0.5110760726878685,0,,0.45763939174511226,,climatology,1,causal
0.5,1686,0.40714803187635834,0.5397390272835113,1.0,0.5397390272835113,0.0,0.5,0.0005963674663428968,1686,0.5397390272835113,0.5397390272835113,0.5100032901677725,0,,0.46026097271648875,,climatology,1,causal
1.0,4141,1.0,0.5182323110359817,1.0,0.5182323110359817,0.0,0.5,0.00987170915067667,4141,0.5182323110359817,0.5182323110359817,0.5062786470904098,0,,0.48176768896401834,,climatology,1,causal
0.1,413,0.09973436368027047,0.5351089588377724,1.0,0.5351089588377724,0.0,0.5,0.0840955820187264,413,0.5351089588377724,0.5351089588377724,0.5201266898271245,0,,0.4648910411622276,,climatology,1,ranked
0.2,812,0.19608790147307414,0.5369458128078818,1.0,0.5369458128078818,0.0,0.5,0.019170352343254326,812,0.5369458128078818,0.5369458128078818,0.5143794803782615,0,,0.4630541871921182,,climatology,1,ranked
0.3,1225,0.2958222651533446,0.516734693877551,1.0,0.516734693877551,0.0,0.5,0.12654402778959645,1225,0.516734693877551,0.516734693877551,0.5115295371310269,0,,0.483265306122449,,climatology,1,ranked
0.5,2050,0.49504950495049505,0.5121951219512195,1.0,0.5121951219512195,0.0,0.5,0.13957373528559297,2050,0.5121951219512195,0.5121951219512195,0.5088843273641737,0,,0.4878048780487805,,climatology,1,ranked
1.0,4141,1.0,0.5182323110359817,1.0,0.5182323110359817,0.0,0.5,0.00987170915067667,4141,0.5182323110359817,0.5182323110359817,0.5062786470904098,0,,0.48176768896401834,,climatology,1,ranked
0.1,801,0.1934315382757788,0.5393258426966292,1.0,0.5393258426966292,0.0,0.5,0.19228357573888322,801,0.5393258426966292,0.5393258426966292,0.5507764891367705,0,,0.4606741573033708,,climatology,5,causal
0.2,1155,0.27891813571601065,0.5437229437229437,1.0,0.5437229437229437,0.0,0.5,0.0940452198969491,1155,0.5437229437229437,0.5437229437229437,0.5060371391120538,0,,0.4562770562770563,,climatology,5,causal
0.3,1377,0.3325283747886984,0.5468409586056645,1.0,0.5468409586056645,0.0,0.5,0.07384573891485634,1377,0.5468409586056645,0.5468409586056645,0.543237869852011,0,,0.4531590413943355,,climatology,5,causal
0.5,1923,0.46438058439990343,0.5361414456578263,1.0,0.5361414456578263,0.0,0.5,0.08408525542181342,1923,0.5361414456578263,0.5361414456578263,0.5159282435880685,0,,0.4638585543421737,,climatology,5,causal
1.0,4141,1.0,0.5189567737261531,1.0,0.5189567737261531,0.0,0.5,0.14066381295145,4141,0.5189567737261531,0.5189567737261531,0.5056191341056795,0,,0.4810432262738469,,climatology,5,causal
0.1,413,0.09973436368027047,0.5399515738498789,1.0,0.5399515738498789,0.0,0.5,0.2905572270883235,413,0.5399515738498789,0.5399515738498789,0.5693233665539983,0,,0.4600484261501211,,climatology,5,ranked
0.2,812,0.19608790147307414,0.5394088669950738,1.0,0.5394088669950738,0.0,0.5,0.1937595424245269,812,0.5394088669950738,0.5394088669950738,0.55620037142345,0,,0.4605911330049261,,climatology,5,ranked
0.3,1225,0.2958222651533446,0.5004081632653061,1.0,0.5004081632653061,0.0,0.5,0.5000000000000001,1225,0.5004081632653061,0.5004081632653061,0.5051025633640962,0,,0.4995918367346939,,climatology,5,ranked
0.5,2070,0.49987925621830476,0.48840579710144927,1.0,0.48840579710144927,0.0,0.5,0.7055887290710128,2070,0.48840579710144927,0.48840579710144927,0.7055887290710128,0,,0.5115942028985507,,climatology,5,ranked
1.0,4141,1.0,0.5189567737261531,1.0,0.5189567737261531,0.0,0.5,0.14066381295145,4141,0.5189567737261531,0.5189567737261531,0.5056191341056795,0,,0.4810432262738469,,climatology,5,ranked
0.1,833,0.20115914030427434,0.5378151260504201,1.0,0.5378151260504201,0.0,0.5,0.01581914996767841,833,0.5378151260504201,0.5378151260504201,0.5142070668132034,0,,0.46218487394957986,,ewma,1,causal
0.2,1149,0.27746921033566774,0.5535248041775457,1.0,0.5535248041775457,0.0,0.5,0.00015771794034208077,1149,0.5535248041775457,0.5535248041775457,0.5122566927477015,0,,0.4464751958224543,,ewma,1,causal
0.3,1381,0.33349432504226034,0.5423606082548877,1.0,0.5423606082548877,0.0,0.5,0.0008946771653773573,1381,0.5423606082548877,0.5423606082548877,0.5110760726878685,0,,0.45763939174511226,,ewma,1,causal
0.5,1686,0.40714803187635834,0.5397390272835113,1.0,0.5397390272835113,0.0,0.5,0.0005963674663428968,1686,0.5397390272835113,0.5397390272835113,0.5100032901677725,0,,0.46026097271648875,,ewma,1,causal
1.0,4141,1.0,0.5182323110359817,1.0,0.5182323110359817,0.0,0.5,0.00987170915067667,4141,0.5182323110359817,0.5182323110359817,0.5062786470904098,0,,0.48176768896401834,,ewma,1,causal
0.1,413,0.09973436368027047,0.5351089588377724,1.0,0.5351089588377724,0.0,0.5,0.0840955820187264,413,0.5351089588377724,0.5351089588377724,0.5201266898271245,0,,0.4648910411622276,,ewma,1,ranked
0.2,812,0.19608790147307414,0.5369458128078818,1.0,0.5369458128078818,0.0,0.5,0.019170352343254326,812,0.5369458128078818,0.5369458128078818,0.5143794803782615,0,,0.4630541871921182,,ewma,1,ranked
0.3,1225,0.2958222651533446,0.516734693877551,1.0,0.516734693877551,0.0,0.5,0.12654402778959645,1225,0.516734693877551,0.516734693877551,0.5115295371310269,0,,0.483265306122449,,ewma,1,ranked
0.5,2050,0.49504950495049505,0.5121951219512195,1.0,0.5121951219512195,0.0,0.5,0.13957373528559297,2050,0.5121951219512195,0.5121951219512195,0.5088843273641737,0,,0.4878048780487805,,ewma,1,ranked
1.0,4141,1.0,0.5182323110359817,1.0,0.5182323110359817,0.0,0.5,0.00987170915067667,4141,0.5182323110359817,0.5182323110359817,0.5062786470904098,0,,0.48176768896401834,,ewma,1,ranked
0.1,801,0.1934315382757788,0.5393258426966292,1.0,0.5393258426966292,0.0,0.5,0.19228357573888322,801,0.5393258426966292,0.5393258426966292,0.5507764891367705,0,,0.4606741573033708,,ewma,5,causal
0.2,1155,0.27891813571601065,0.5437229437229437,1.0,0.5437229437229437,0.0,0.5,0.0940452198969491,1155,0.5437229437229437,0.5437229437229437,0.5060371391120538,0,,0.4562770562770563,,ewma,5,causal
0.3,1377,0.3325283747886984,0.5468409586056645,1.0,0.5468409586056645,0.0,0.5,0.07384573891485634,1377,0.5468409586056645,0.5468409586056645,0.543237869852011,0,,0.4531590413943355,,ewma,5,causal
0.5,1923,0.46438058439990343,0.5361414456578263,1.0,0.5361414456578263,0.0,0.5,0.08408525542181342,1923,0.5361414456578263,0.5361414456578263,0.5159282435880685,0,,0.4638585543421737,,ewma,5,causal
1.0,4141,1.0,0.5189567737261531,1.0,0.5189567737261531,0.0,0.5,0.14066381295145,4141,0.5189567737261531,0.5189567737261531,0.5056191341056795,0,,0.4810432262738469,,ewma,5,causal
0.1,413,0.09973436368027047,0.5399515738498789,1.0,0.5399515738498789,0.0,0.5,0.2905572270883235,413,0.5399515738498789,0.5399515738498789,0.5693233665539983,0,,0.4600484261501211,,ewma,5,ranked
0.2,812,0.19608790147307414,0.5394088669950738,1.0,0.5394088669950738,0.0,0.5,0.1937595424245269,812,0.5394088669950738,0.5394088669950738,0.55620037142345,0,,0.4605911330049261,,ewma,5,ranked
0.3,1225,0.2958222651533446,0.5004081632653061,1.0,0.5004081632653061,0.0,0.5,0.5000000000000001,1225,0.5004081632653061,0.5004081632653061,0.5051025633640962,0,,0.4995918367346939,,ewma,5,ranked
0.5,2070,0.49987925621830476,0.48840579710144927,1.0,0.48840579710144927,0.0,0.5,0.7055887290710128,2070,0.48840579710144927,0.48840579710144927,0.7055887290710128,0,,0.5115942028985507,,ewma,5,ranked
1.0,4141,1.0,0.5189567737261531,1.0,0.5189567737261531,0.0,0.5,0.14066381295145,4141,0.5189567737261531,0.5189567737261531,0.5056191341056795,0,,0.4810432262738469,,ewma,5,ranked
0.1,466,0.1125332045399662,0.5536480686695279,0.9635193133047211,0.555793991416309,-0.0021459227467811592,0.5,0.011556165620159655,449,0.5567928730512249,0.555793991416309,0.5026564835011846,17,0.47058823529411764,0.44420600858369097,0.6854705810546875,ar_garch,1,causal
0.2,855,0.206471866698865,0.543859649122807,0.9461988304093567,0.5345029239766081,0.009356725146198897,0.1690830916908309,0.0056693551716272125,809,0.5414091470951793,0.5345029239766081,0.3602376405965822,46,0.5869565217391305,0.4654970760233918,0.1509978065948303,ar_garch,1,causal
0.3,1245,0.3006520164211543,0.5405622489959839,0.9421686746987952,0.5389558232931727,0.0016064257028112205,0.403009699030097,0.002288144676274904,1173,0.5421994884910486,0.5389558232931727,0.4235460710412936,72,0.5138888888888888,0.4610441767068273,0.4531471623515405,ar_garch,1,causal
0.5,2007,0.48466553972470416,0.5326357747882412,0.9332336821126059,0.541604384653712,-0.008968609865470767,0.9381061893810619,0.0018497449774670291,1873,0.5397757608115323,0.541604384653712,0.5724560608863446,134,0.43283582089552236,0.458395615346288,0.9498171492512693,ar_garch,1,causal
1.0,4141,1.0,0.5175078483458102,0.8804636561217097,0.5182323110359817,-0.0007244626901714568,0.5468453154684532,0.012613076493996516,3646,0.5202962150301701,0.5182323110359817,0.4080189840902455,495,0.49696969696969695,0.48176768896401834,0.5713284282628077,ar_garch,1,causal
0.1,414,0.09997585124366096,0.5434782608695652,0.9806763285024155,0.5483091787439613,-0.004830917874396157,0.5,0.04264035870489261,406,0.5467980295566502,0.5483091787439613,0.5448306489235568,8,0.375,0.45169082125603865,0.85546875,ar_garch,1,ranked
0.2,828,0.19995170248732191,0.538647342995169,0.9867149758454107,0.5374396135265701,0.0012077294685989282,0.5,0.014253462800688331,817,0.5385556915544676,0.5374396135265701,0.4888233671387284,11,0.5454545454545454,0.46256038647342995,0.5,ar_garch,1,ranked
0.3,1242,0.29992755373098284,0.5265700483091788,0.9806763285024155,0.5233494363929146,0.0032206119162641045,0.2587241275872413,0.03254157321217312,1218,0.5254515599343186,0.5233494363929146,0.4531310050891274,24,0.5833333333333334,0.47665056360708535,0.27062809467315674,ar_garch,1,ranked
0.5,2070,0.49987925621830476,0.5256038647342995,0.9681159420289855,0.523671497584541,0.0019323671497585293,0.35081491850814916,0.010493064720724239,2004,0.5254491017964071,0.523671497584541,0.4456671986949837,66,0.5303030303030303,0.47632850241545893,0.35611544131867545,ar_garch,1,ranked
1.0,4141,1.0,0.5175078483458102,0.8804636561217097,0.5182323110359817,-0.0007244626901714568,0.5468453154684532,0.012613076493996516,3646,0.5202962150301701,0.5182323110359817,0.4080189840902455,495,0.49696969696969695,0.48176768896401834,0.5713284282628077,ar_garch,1,ranked
0.1,508,0.12267568220236658,0.5098425196850394,1.0,0.5098425196850394,0.0,0.5,0.4999999999999998,508,0.5098425196850394,0.5098425196850394,0.5786111407009338,0,,0.49015748031496065,,ar_garch,5,causal
0.2,888,0.21444095629075102,0.5236486486486487,1.0,0.5236486486486487,0.0,0.5,0.2738754548197695,888,0.5236486486486487,0.5236486486486487,0.5116232247812251,0,,0.47635135135135137,,ar_garch,5,causal
0.3,1219,0.2943733397730017,0.5266611977030353,1.0,0.5266611977030353,0.0,0.5,0.22074153267077806,1219,0.5266611977030353,0.5266611977030353,0.524965225096004,0,,0.47333880229696473,,ar_garch,5,causal
0.5,1877,0.4532721564839411,0.515716568993074,1.0,0.515716568993074,0.0,0.5,0.30281784664832806,1877,0.515716568993074,0.515716568993074,0.5369945433441536,0,,0.48428343100692595,,ar_garch,5,causal
1.0,4141,1.0,0.5196812364163246,0.9978266119294856,0.5189567737261531,0.0007244626901714568,0.2501249875012499,0.14066381295145,4132,0.5193610842207164,0.5189567737261531,0.5045728240897415,9,0.6666666666666666,0.4810432262738469,0.5,ar_garch,5,causal
0.1,414,0.09997585124366096,0.5362318840579711,1.0,0.5362318840579711,0.0,0.5,0.2905572270883235,414,0.5362318840579711,0.5362318840579711,0.5425486128423056,0,,0.463768115942029,,ar_garch,5,ranked
0.2,828,0.19995170248732191,0.4927536231884058,1.0,0.4927536231884058,0.0,0.5,0.6221970623408295,828,0.4927536231884058,0.4927536231884058,0.6221970623408295,0,,0.5072463768115942,,ar_garch,5,ranked
0.3,1242,0.29992755373098284,0.4919484702093398,1.0,0.4919484702093398,0.0,0.5,0.624531374492981,1242,0.4919484702093398,0.4919484702093398,0.624531374492981,0,,0.5080515297906603,,ar_garch,5,ranked
0.5,2070,0.49987925621830476,0.4975845410628019,1.0,0.4975845410628019,0.0,0.5,0.5585969066563625,2070,0.4975845410628019,0.4975845410628019,0.5585969066563625,0,,0.5024154589371981,,ar_garch,5,ranked
1.0,4141,1.0,0.5196812364163246,0.9978266119294856,0.5189567737261531,0.0007244626901714568,0.2501249875012499,0.14066381295145,4132,0.5193610842207164,0.5189567737261531,0.5045728240897415,9,0.6666666666666666,0.4810432262738469,0.5,ar_garch,5,ranked
0.1,702,0.16952426950012076,0.5811965811965812,0.7521367521367521,0.5470085470085471,0.03418803418803418,0.1110888911108889,9.612983768342083e-06,528,0.5852272727272727,0.5470085470085471,0.042376691545836884,174,0.5689655172413793,0.452991452991453,0.040463296481776954,linear,1,causal
0.2,1083,0.2615310311518957,0.569713758079409,0.7469990766389658,0.5734072022160664,-0.003693444136657398,0.5622437756224378,2.4973194517612172e-06,809,0.595797280593325,0.5734072022160664,0.1050736223181718,274,0.4927007299270073,0.4265927977839335,0.6186652315062191,linear,1,causal
0.3,1406,0.3395315141270225,0.5526315789473685,0.7162162162162162,0.5561877667140825,-0.0035561877667140696,0.5785921407859214,4.35995628305598e-05,1007,0.5759682224428997,0.5561877667140825,0.10890769590095158,399,0.49373433583959897,0.4438122332859175,0.6180328514519445,linear,1,causal
0.5,2010,0.4853900024148756,0.5437810945273632,0.6721393034825871,0.5383084577114428,0.005472636815920473,0.3373162683731627,4.697982935758069e-05,1351,0.5610658771280533,0.5383084577114428,0.04927034762429185,659,0.5083459787556904,0.4616915422885572,0.34845211973911455,linear,1,causal
1.0,4141,1.0,0.5206471866698865,0.6387346051678339,0.5182323110359817,0.002414875633904856,0.40715928407159285,0.004119735302626877,2645,0.5304347826086957,0.5182323110359817,0.10810670948567254,1496,0.5033422459893048,0.48176768896401834,0.40800604216988773,linear,1,causal
0.1,414,0.09997585124366096,0.5507246376811594,0.8768115942028986,0.5676328502415459,-0.016908212560386437,0.6878312168783122,0.021885099263518892,363,0.5674931129476584,0.5676328502415459,0.524207697157111,51,0.43137254901960786,0.4323671497584541,0.8687812321444781,linear,1,ranked
0.2,828,0.19995170248732191,0.5471014492753623,0.8671497584541062,0.5567632850241546,-0.009661835748792313,0.771972802719728,0.0037075952939404164,718,0.5598885793871866,0.5567632850241546,0.44844068135306914,110,0.4636363636363636,0.44323671497584544,0.8045362716502471,linear,1,ranked
0.3,1242,0.29992755373098284,0.535426731078905,0.8373590982286635,0.5418679549114331,-0.006441223832528098,0.6776322367763223,0.006765306606054769,1040,0.5461538461538461,0.5418679549114331,0.4030528591835101,202,0.4801980198019802,0.4581320450885668,0.7366591088634014,linear,1,ranked
0.5,2070,0.49987925621830476,0.5314009661835749,0.7772946859903381,0.5280193236714976,0.0033816425120772875,0.3377162283771623,0.0022831169041852687,1609,0.5382224984462399,0.5280193236714976,0.21340024095323595,461,0.5075921908893709,0.47198067632850244,0.38996850126767574,linear,1,ranked
1.0,4141,1.0,0.5206471866698865,0.6387346051678339,0.5182323110359817,0.002414875633904856,0.40715928407159285,0.004119735302626877,2645,0.5304347826086957,0.5182323110359817,0.10810670948567254,1496,0.5033422459893048,0.48176768896401834,0.40800604216988773,linear,1,ranked
0.1,774,0.1869113740642357,0.5452196382428941,0.8850129198966409,0.5439276485788114,0.0012919896640827266,0.5,0.14740675699664607,685,0.5503649635036496,0.5439276485788114,0.502242335296114,89,0.5056179775280899,0.4560723514211886,0.5,linear,5,causal
0.2,1111,0.2682926829268293,0.5436543654365437,0.8982898289828983,0.5463546354635463,-0.0027002700270026825,0.5695930406959304,0.10106716032997921,998,0.5501002004008017,0.5463546354635463,0.5136276186233375,113,0.48672566371681414,0.45364536453645365,0.5840940475463867,linear,5,causal
0.3,1447,0.34943250422603234,0.5328265376641327,0.8590186592950932,0.5383552176917761,-0.005528680027643396,0.6647835216478353,0.1448319549873594,1243,0.5414320193081255,0.5383552176917761,0.5012652107722853,204,0.4803921568627451,0.4616447823082239,0.6820859986855794,linear,5,causal
0.5,2082,0.5027771069789906,0.5302593659942363,0.7905859750240154,0.521613832853026,0.008645533141210304,0.3357664233576642,0.11012782128862465,1646,0.5328068043742406,0.521613832853026,0.3752172870403717,436,0.5206422018348624,0.4783861671469741,0.415186504842877,linear,5,causal
1.0,4141,1.0,0.5155759478386863,0.7034532721564839,0.5189567737261531,-0.0033808258874667985,0.5934906509349065,0.19248141948755176,2913,0.5245451424648129,0.5189567737261531,0.41911805274511493,1228,0.494299674267101,0.4810432262738469,0.6008195082698253,linear,5,causal
0.1,414,0.09997585124366096,0.5169082125603864,1.0,0.5169082125603864,0.0,0.5,0.4560783037763016,414,0.5169082125603864,0.5169082125603864,0.5780513005930454,0,,0.4830917874396135,,linear,5,ranked
0.2,828,0.19995170248732191,0.5265700483091788,0.7874396135265701,0.5314009661835749,-0.004830917874396157,0.5875912408759124,0.2667724468154231,652,0.5368098159509203,0.5314009661835749,0.4714755275744326,176,0.48863636363636365,0.46859903381642515,0.6320605995715596,linear,5,ranked
0.3,1242,0.29992755373098284,0.5241545893719807,0.6867954911433173,0.533011272141707,-0.008856682769726287,0.6273872612738727,0.24247006301863294,853,0.5416178194607268,0.533011272141707,0.44638797137933617,389,0.48586118251928023,0.4669887278582931,0.6756044188446775,linear,5,ranked
0.5,2070,0.49987925621830476,0.5198067632850242,0.6966183574879227,0.5072463768115942,0.01256038647342994,0.3017698230176982,0.23051814656056802,1442,0.5194174757281553,0.5072463768115942,0.3438655590905105,628,0.5207006369426752,0.4927536231884058,0.3603362580563478,linear,5,ranked
1.0,4141,1.0,0.5155759478386863,0.7034532721564839,0.5189567737261531,-0.0033808258874667985,0.5934906509349065,0.19248141948755176,2913,0.5245451424648129,0.5189567737261531,0.41911805274511493,1228,0.494299674267101,0.4810432262738469,0.6008195082698253,linear,5,ranked
0.1,729,0.17604443371166384,0.5706447187928669,0.7709190672153635,0.5555555555555556,0.015089163237311354,0.22697730226977303,7.730366349212474e-05,562,0.5818505338078291,0.5555555555555556,0.11258811988195191,167,0.5329341317365269,0.4444444444444444,0.2195644643901686,gbm,1,causal
0.2,1141,0.27553730982854385,0.5617879053461875,0.7353198948290973,0.537248028045574,0.024539877300613466,0.0660933906609339,1.6656573288236173e-05,839,0.567342073897497,0.537248028045574,0.04311565146301124,302,0.5463576158940397,0.46275197195442597,0.06005861651953083,gbm,1,causal
0.3,1530,0.36947597198744264,0.5490196078431373,0.711764705882353,0.5274509803921569,0.021568627450980427,0.03834616538346165,6.890331325303592e-05,1089,0.5537190082644629,0.5274509803921569,0.04388545402715002,441,0.5374149659863946,0.4725490196078431,0.0637306074099455,gbm,1,causal
0.5,2230,0.5385172663607825,0.5461883408071749,0.6955156950672646,0.5278026905829596,0.018385650224215344,0.0598940105989401,6.994932318363661e-06,1551,0.5531914893617021,0.5278026905829596,0.023901506805522946,679,0.5301914580265096,0.47219730941704036,0.062353277479077034,gbm,1,causal
1.0,4141,1.0,0.538275778797392,0.6413909683651292,0.5182323110359817,0.020043467761410305,0.019848015198480153,4.4872292902298566e-07,2656,0.5440512048192772,0.5182323110359817,0.004078577671979212,1485,0.5279461279461279,0.48176768896401834,0.016655331035775232,gbm,1,causal
0.1,414,0.09997585124366096,0.5265700483091788,0.5748792270531401,0.5314009661835749,-0.004830917874396157,0.5355464453554645,0.15101109000708862,238,0.5504201680672269,0.5314009661835749,0.30086473148575527,176,0.4943181818181818,0.46859903381642515,0.5894113612652974,gbm,1,ranked
0.2,828,0.19995170248732191,0.5410628019323671,0.6944444444444444,0.5229468599033816,0.018115942028985477,0.19573042695730428,0.009917637426043728,575,0.5460869565217391,0.5229468599033816,0.14246776683639928,253,0.5296442687747036,0.47705314009661837,0.18940106730593761,gbm,1,ranked
0.3,1242,0.29992755373098284,0.5450885668276972,0.6859903381642513,0.5144927536231884,0.03059581320450888,0.030596940305969402,0.0008120605058304301,852,0.5434272300469484,0.5144927536231884,0.04881678189802587,390,0.5487179487179488,0.4855072463768116,0.030425607182421145,gbm,1,ranked
0.5,2070,0.49987925621830476,0.5381642512077295,0.6850241545893719,0.5140096618357488,0.024154589371980673,0.024447555244475554,0.00027793915416909177,1418,0.5380818053596615,0.5140096618357488,0.03689932850420806,652,0.5383435582822086,0.4859903381642512,0.027451250791219323,gbm,1,ranked
1.0,4141,1.0,0.538275778797392,0.6413909683651292,0.5182323110359817,0.020043467761410305,0.019848015198480153,4.4872292902298566e-07,2656,0.5440512048192772,0.5182323110359817,0.004078577671979212,1485,0.5279461279461279,0.48176768896401834,0.016655331035775232,gbm,1,ranked
0.1,602,0.1453755131610722,0.5249169435215947,0.7325581395348837,0.5830564784053156,-0.05813953488372092,0.9404059594040596,0.3241300259105028,441,0.5736961451247166,0.5830564784053156,0.6539038999879941,161,0.391304347826087,0.4169435215946844,0.8923364251386374,gbm,5,causal
0.2,1028,0.24824921516541898,0.5272373540856031,0.7363813229571985,0.5768482490272373,-0.049610894941634176,0.9305069493050695,0.24250015734110417,757,0.570673712021136,0.5768482490272373,0.6056556222970808,271,0.4059040590405904,0.42315175097276264,0.9331628823179474,gbm,5,causal
0.3,1364,0.3293890364646221,0.5373900293255132,0.7470674486803519,0.5689149560117303,-0.03152492668621709,0.944055594440556,0.12462802102375267,1019,0.5711481844946026,0.5689149560117303,0.5007216678166904,345,0.43768115942028984,0.4310850439882698,0.8857998873233515,gbm,5,causal
0.5,2027,0.4894952909925139,0.5377405032067094,0.7271830291070548,0.536260483473113,0.0014800197335964604,0.4747525247475253,0.06796936109597651,1474,0.5508819538670285,0.536260483473113,0.32715327440543174,553,0.5027124773960217,0.46373951652688705,0.5379513041008585,gbm,5,causal
1.0,4141,1.0,0.5235450374305723,0.693552282057474,0.5189567737261531,0.0045882637044192265,0.38491150884911507,0.09923491347446708,2872,0.5306406685236769,0.5189567737261531,0.29030210443226556,1269,0.5074862096138691,0.4810432262738469,0.4499855210052872,gbm,5,causal
0.1,414,0.09997585124366096,0.5169082125603864,0.8623188405797102,0.533816425120773,-0.01690821256038655,0.6283871612838716,0.4560783037763016,357,0.5294117647058824,0.533816425120773,0.539014263277094,57,0.43859649122807015,0.46618357487922707,0.7255859375,gbm,5,ranked
0.2,827,0.19971021492393143,0.5102781136638452,0.8222490931076178,0.5211608222490931,-0.010882708585247869,0.6346865313468653,0.4381653419480142,680,0.5191176470588236,0.5211608222490931,0.526323900402067,147,0.46938775510204084,0.4788391777509069,0.644464448094368,gbm,5,ranked
0.3,1242,0.29992755373098284,0.5169082125603864,0.7544283413848631,0.5273752012882448,-0.01046698872785834,0.638986101389861,0.32838403761636004,937,0.5293489861259338,0.5273752012882448,0.5074940009007965,305,0.4786885245901639,0.4726247987117552,0.6955396422975857,gbm,5,ranked
0.5,2070,0.49987925621830476,0.5169082125603864,0.6971014492753623,0.529951690821256,-0.013043478260869601,0.7327267273272673,0.2614639730618992,1443,0.5336105336105336,0.529951690821256,0.4593866470885245,627,0.4784688995215311,0.47004830917874396,0.7041580364529181,gbm,5,ranked
1.0,4141,1.0,0.5235450374305723,0.693552282057474,0.5189567737261531,0.0045882637044192265,0.38491150884911507,0.09923491347446708,2872,0.5306406685236769,0.5189567737261531,0.29030210443226556,1269,0.5074862096138691,0.4810432262738469,0.4499855210052872,gbm,5,ranked
0.1,609,0.1470659261048056,0.535303776683087,0.812807881773399,0.548440065681445,-0.013136288998357948,0.7467253274672533,0.04434321067250663,495,0.5515151515151515,0.548440065681445,0.46380295352071843,114,0.4649122807017544,0.451559934318555,0.8003134065597312,lstm,1,causal
0.2,1029,0.24849070272880946,0.5461613216715258,0.8396501457725948,0.5413022351797862,0.004859086491739606,0.39001099890011,0.001683064501523618,864,0.5520833333333334,0.5413022351797862,0.2738549027110806,165,0.5151515151515151,0.4586977648202138,0.37780293765917045,lstm,1,causal
0.3,1320,0.3187635836754407,0.5431818181818182,0.806060606060606,0.5371212121212121,0.0060606060606061,0.261023897610239,0.0009293423500577067,1064,0.549812030075188,0.5371212121212121,0.2120941573152766,256,0.515625,0.4628787878787879,0.3309164303922281,lstm,1,causal
0.5,1937,0.4677614102873702,0.5240061951471348,0.7759421786267424,0.5250387196695921,-0.0010325245224573898,0.5245475452454755,0.0182787143541123,1503,0.5316034597471723,0.5250387196695921,0.3143800288760337,434,0.4976958525345622,0.47496128033040785,0.5572408578520005,lstm,1,causal
1.0,4141,1.0,0.5121951219512195,0.7375030185945424,0.5182323110359817,-0.00603718908476214,0.7986701329867013,0.06008848020867227,3054,0.5206286836935167,0.5182323110359817,0.4025634661366859,1087,0.48850045998160074,0.48176768896401834,0.7848213360213732,lstm,1,causal
0.1,414,0.09997585124366096,0.5579710144927537,1.0,0.5579710144927537,0.0,0.5,0.01039026249776419,414,0.5579710144927537,0.5579710144927537,0.5204888799248142,0,,0.4420289855072464,,lstm,1,ranked
0.2,828,0.19995170248732191,0.5422705314009661,1.0,0.5422705314009661,0.0,0.5,0.008218503635664473,828,0.5422705314009661,0.5422705314009661,0.5143013754449264,0,,0.4577294685990338,,lstm,1,ranked
0.3,1242,0.29992755373098284,0.5273752012882448,0.998389694041868,0.5257648953301127,0.0016103059581320522,0.5,0.028620022273892768,1240,0.5266129032258065,0.5257648953301127,0.4876841295481274,2,1.0,0.4742351046698873,0.25,lstm,1,ranked
0.5,2070,0.49987925621830476,0.5260869565217391,0.8570048309178744,0.5222222222222223,0.0038647342995168366,0.29032096790320966,0.009330874216578237,1774,0.528184892897407,0.5222222222222223,0.31606740679549344,296,0.5135135135135135,0.4777777777777778,0.3420882446910117,lstm,1,ranked
1.0,4141,1.0,0.5121951219512195,0.7375030185945424,0.5182323110359817,-0.00603718908476214,0.7986701329867013,0.06008848020867227,3054,0.5206286836935167,0.5182323110359817,0.4025634661366859,1087,0.48850045998160074,0.48176768896401834,0.7848213360213732,lstm,1,ranked
0.1,578,0.13957981163970057,0.5484429065743944,0.8598615916955017,0.5536332179930796,-0.005190311418685201,0.5306469353064693,0.17556268487771606,497,0.5593561368209256,0.5536332179930796,0.5263802319638002,81,0.48148148148148145,0.4463667820069204,0.5981903076171875,lstm,5,causal
0.2,964,0.23279401110842793,0.5477178423236515,0.8319502074688797,0.5518672199170125,-0.004149377593360981,0.597040295970403,0.10988580552544053,802,0.559850374064838,0.5518672199170125,0.42535622879681545,162,0.4876543209876543,0.44813278008298757,0.5699749670457095,lstm,5,causal
0.3,1362,0.3289060613378411,0.5381791483113069,0.7826725403817915,0.5558002936857562,-0.017621145374449365,0.8411658834116589,0.12462802102375267,1066,0.5600375234521576,0.5558002936857562,0.4947267265976154,296,0.4594594594594595,0.44419970631424377,0.7825035974389233,lstm,5,causal
0.5,2177,0.5257184255010867,0.5259531465319247,0.7547083141938448,0.5241157556270096,0.0018373909049150816,0.44845515448455153,0.14574892238919876,1643,0.5331710286062081,0.5241157556270096,0.387642028826574,534,0.5037453183520599,0.4758842443729904,0.5386574202793621,lstm,5,causal
1.0,4141,1.0,0.5211301617966675,0.679063028254045,0.5189567737261531,0.0021733880705143704,0.4532046795320468,0.12571860559944756,2812,0.5295163584637269,0.5189567737261531,0.3109648616645875,1329,0.5033860045146726,0.4810432262738469,0.5000000000000001,lstm,5,causal
0.1,414,0.09997585124366096,0.533816425120773,0.8864734299516909,0.5169082125603864,0.01690821256038655,0.5,0.2905572270883235,367,0.5286103542234333,0.5169082125603864,0.42941990877499026,47,0.574468085106383,0.4830917874396135,0.5,lstm,5,ranked
0.2,828,0.19995170248732191,0.5374396135265701,0.8466183574879227,0.5458937198067633,-0.008454106280193163,0.6891810818918108,0.1751171826915367,701,0.5492154065620543,0.5458937198067633,0.4959715165493086,127,0.47244094488188976,0.45410628019323673,0.6549810171127319,lstm,5,ranked
0.3,1242,0.29992755373098284,0.5442834138486312,0.7576489533011272,0.5499194847020934,-0.005636070853462183,0.6316868313168683,0.09112671411116383,941,0.5621679064824655,0.5499194847020934,0.37914162945478436,301,0.4883720930232558,0.4500805152979066,0.6505582861899971,lstm,5,ranked
0.5,2070,0.49987925621830476,0.5304347826086957,0.7019323671497585,0.5193236714975845,0.011111111111111183,0.297970202979702,0.10957181791166,1453,0.5354439091534756,0.5193236714975845,0.3237580299572352,617,0.5186385737439222,0.4806763285024155,0.35925441827748356,lstm,5,ranked
1.0,4141,1.0,0.5211301617966675,0.679063028254045,0.5189567737261531,0.0021733880705143704,0.4532046795320468,0.12571860559944756,2812,0.5295163584637269,0.5189567737261531,0.3109648616645875,1329,0.5033860045146726,0.4810432262738469,0.5000000000000001,lstm,5,ranked
0.1,737,0.17797633421878772,0.5047489823609227,0.8263229308005428,0.5264586160108549,-0.02170963364993217,0.8921107889211078,0.4125504902324432,609,0.5188834154351396,0.5264586160108549,0.661122932616772,128,0.4375,0.4735413839891452,0.9336875993375089,gru,1,causal
0.2,1160,0.2801255735329631,0.525,0.8224137931034483,0.525,0.0,0.5255974402559744,0.04708552474060716,954,0.5303983228511531,0.525,0.38172241917128785,206,0.5,0.475,0.5277619137925433,gru,1,causal
0.3,1490,0.3598164694518232,0.5288590604026846,0.8295302013422818,0.5302013422818792,-0.0013422818791946067,0.5221977802219778,0.013814387321421926,1236,0.5355987055016181,0.5302013422818792,0.36272581590075975,254,0.49606299212598426,0.4697986577181208,0.5746309803749226,gru,1,causal
0.5,2035,0.49142719149963776,0.5287469287469287,0.7960687960687961,0.5312039312039312,-0.002457002457002422,0.5857914208579142,0.005055235638338791,1620,0.5376543209876543,0.5312039312039312,0.31031540383553424,415,0.4939759036144578,0.4687960687960688,0.6158022119586917,gru,1,causal
1.0,4141,1.0,0.5105047090074861,0.6981405457618932,0.5182323110359817,-0.007727602028495539,0.8085191480851914,0.09070112200328388,2891,0.5205811138014528,0.5182323110359817,0.4075243161268719,1250,0.4872,0.48176768896401834,0.8246862582360227,gru,1,causal
0.1,414,0.09997585124366096,0.5555555555555556,1.0,0.5555555555555556,0.0,0.5,0.013436137540961554,414,0.5555555555555556,0.5555555555555556,0.5204458310560616,0,,0.4444444444444444,,gru,1,ranked
0.2,828,0.19995170248732191,0.5241545893719807,0.998792270531401,0.5253623188405797,-0.0012077294685990392,0.5,0.08763588014637348,827,0.524788391777509,0.5253623188405797,0.5272862092101586,1,0.0,0.4746376811594203,1.0,gru,1,ranked
0.3,1242,0.29992755373098284,0.5257648953301127,0.9919484702093397,0.5273752012882448,-0.0016103059581320522,0.5,0.03689589292972061,1232,0.5267857142857143,0.5273752012882448,0.5280983934837719,10,0.4,0.4726247987117552,0.828125,gru,1,ranked
0.5,2070,0.49987925621830476,0.5173913043478261,0.8541062801932368,0.5231884057971015,-0.005797101449275366,0.7512748725127487,0.059306251123369506,1768,0.5237556561085973,0.5231884057971015,0.49059495094877903,302,0.48013245033112584,0.47681159420289854,0.7727620934473393,gru,1,ranked
1.0,4141,1.0,0.5105047090074861,0.6981405457618932,0.5182323110359817,-0.007727602028495539,0.8085191480851914,0.09070112200328388,2891,0.5205811138014528,0.5182323110359817,0.4075243161268719,1250,0.4872,0.48176768896401834,0.8246862582360227,gru,1,ranked
0.1,478,0.11543105530065202,0.5125523012552301,0.7405857740585774,0.5251046025104602,-0.012552301255230103,0.6685831416858314,0.41877803536453695,354,0.5254237288135594,0.5251046025104602,0.5253248943593666,124,0.47580645161290325,0.47489539748953974,0.7293719053268433,gru,5,causal
0.2,895,0.21613136923448442,0.5206703910614525,0.7385474860335196,0.5251396648044693,-0.004469273743016755,0.5473452654734526,0.32697103222792756,661,0.5310136157337367,0.5251396648044693,0.487968945323947,234,0.49145299145299143,0.4748603351955307,0.5585020439388018,gru,5,causal
0.3,1337,0.322868872253079,0.5272999252056844,0.7232610321615557,0.5287958115183246,-0.0014958863126401933,0.5143985601439856,0.19580160111845102,967,0.5387797311271976,0.5287958115183246,0.4181672362231739,370,0.4972972972972973,0.4712041884816754,0.5462196911937508,gru,5,causal
0.5,2135,0.5155759478386863,0.5189695550351288,0.7049180327868853,0.5292740046838408,-0.010304449648712022,0.6674332566743326,0.2193964356547007,1505,0.53421926910299,0.5292740046838408,0.44587058306190713,630,0.48253968253968255,0.4707259953161593,0.6719108891982855,gru,5,causal
1.0,4141,1.0,0.5025356194156001,0.6754407148031877,0.5189567737261531,-0.01642115431055302,0.8308169183081692,0.45848674359931624,2797,0.5159099034680015,0.5189567737261531,0.5871832602660287,1344,0.47470238095238093,0.4810432262738469,0.8202252014266165,gru,5,causal
0.1,414,0.09997585124366096,0.5748792270531401,0.9734299516908212,0.5772946859903382,-0.0024154589371980784,0.5,0.11212226415304091,403,0.5781637717121588,0.5772946859903382,0.5636665809058996,11,0.45454545454545453,0.4227053140096618,0.75,gru,5,ranked
0.2,828,0.19995170248732191,0.5495169082125604,0.8719806763285024,0.5615942028985508,-0.012077294685990392,0.6905809419058094,0.10639289850576049,722,0.5637119113573407,0.5615942028985508,0.5261024390612044,106,0.4528301886792453,0.4384057971014493,0.6681880950927734,gru,5,ranked
0.3,1242,0.29992755373098284,0.5314009661835749,0.7455716586151369,0.5394524959742351,-0.00805152979066015,0.6438356164383562,0.1704294548415604,926,0.5475161987041036,0.5394524959742351,0.4595881473755516,316,0.48417721518987344,0.4605475040257649,0.5993467537479669,gru,5,ranked
0.5,2070,0.49987925621830476,0.5154589371980677,0.6985507246376812,0.5202898550724637,-0.004830917874396046,0.5945905409459054,0.2944112709289872,1446,0.5255878284923928,0.5202898550724637,0.4471113045562011,624,0.49198717948717946,0.4797101449275362,0.6061267087988338,gru,5,ranked
1.0,4141,1.0,0.5025356194156001,0.6754407148031877,0.5189567737261531,-0.01642115431055302,0.8308169183081692,0.45848674359931624,2797,0.5159099034680015,0.5189567737261531,0.5871832602660287,1344,0.47470238095238093,0.4810432262738469,0.8202252014266165,gru,5,ranked
0.1,663,0.16010625452789182,0.5339366515837104,0.8506787330316742,0.55052790346908,-0.016591251885369585,0.8662133786621338,0.0437040744527992,564,0.549645390070922,0.55052790346908,0.534211587484077,99,0.4444444444444444,0.4494720965309201,0.8861869214449766,static_gnn,1,causal
0.2,1186,0.28640425018111565,0.5320404721753794,0.8473861720067454,0.5379426644182125,-0.00590219224283306,0.6995800419958005,0.014688949866067516,1005,0.5412935323383085,0.5379426644182125,0.42832237801772954,181,0.48066298342541436,0.4620573355817875,0.7238964640752541,static_gnn,1,causal
0.3,1526,0.3685100217338807,0.5393184796854522,0.8368283093053736,0.5386631716906947,0.000655307994757548,0.492000799920008,0.0011531555108806534,1277,0.5465935787000783,0.5386631716906947,0.2946380737520913,249,0.5020080321285141,0.4613368283093054,0.49999999999999994,static_gnn,1,causal
0.5,2202,0.5317556145858489,0.5349682107175295,0.773841961852861,0.5277020890099909,0.0072661217075385975,0.24932506749325067,0.0005537711105715216,1704,0.5404929577464789,0.5277020890099909,0.1507087285298088,498,0.5160642570281124,0.47229791099000906,0.2507587184171126,static_gnn,1,causal
1.0,4141,1.0,0.5042260323593335,0.7203574015938179,0.5182323110359817,-0.014006278676648165,0.9488551144885511,0.2986289401568296,2983,0.5155883338920549,0.5182323110359817,0.620775839698835,1158,0.4749568221070812,0.48176768896401834,0.958544982042684,static_gnn,1,causal
0.1,414,0.09997585124366096,0.5458937198067633,1.0,0.5458937198067633,0.0,0.5,0.03443309077160186,414,0.5458937198067633,0.5458937198067633,0.5202789357360262,0,,0.45410628019323673,,static_gnn,1,ranked
0.2,828,0.19995170248732191,0.5144927536231884,0.9710144927536232,0.5193236714975845,-0.004830917874396157,0.6258374162583742,0.2120651770421044,804,0.5174129353233831,0.5193236714975845,0.5573141182737568,24,0.4166666666666667,0.4806763285024155,0.8462718725204468,static_gnn,1,ranked
0.3,1242,0.29992755373098284,0.5201288244766505,0.9396135265700483,0.5257648953301127,-0.005636070853462183,0.8165683431656834,0.08219269462654254,1167,0.5244215938303342,0.5257648953301127,0.54843154806107,75,0.4533333333333333,0.4742351046698873,0.8221503804592564,static_gnn,1,ranked
0.5,2070,0.49987925621830476,0.521256038647343,0.81256038647343,0.5164251207729469,0.004830917874396157,0.3127687231276872,0.027911943421116345,1682,0.5231866825208086,0.5164251207729469,0.2979501230061211,388,0.5128865979381443,0.48357487922705317,0.32389742570188673,static_gnn,1,ranked
1.0,4141,1.0,0.5042260323593335,0.7203574015938179,0.5182323110359817,-0.014006278676648165,0.9488551144885511,0.2986289401568296,2983,0.5155883338920549,0.5182323110359817,0.620775839698835,1158,0.4749568221070812,0.48176768896401834,0.958544982042684,static_gnn,1,ranked
0.1,564,0.13619898575223377,0.5638297872340425,0.7712765957446809,0.5620567375886525,0.0017730496453900457,0.4528047195280472,0.10956557374889211,435,0.5816091954022988,0.5620567375886525,0.3662818936481465,129,0.5038759689922481,0.4379432624113475,0.5,static_gnn,5,causal
0.2,954,0.23037913547452307,0.5471698113207547,0.7568134171907757,0.5471698113207547,0.0,0.5154984501549845,0.10867809396967133,722,0.5623268698060941,0.5471698113207547,0.3884791353806133,232,0.5,0.4528301886792453,0.5585020439388018,static_gnn,5,causal
0.3,1367,0.33011349915479354,0.5442574981711777,0.7490855888807608,0.5435259692757864,0.000731528895391298,0.4877012298770123,0.07310664890314808,1024,0.55859375,0.5435259692757864,0.3570069972935883,343,0.5014577259475219,0.4564740307242136,0.5482013271582437,static_gnn,5,causal
0.5,2046,0.4940835546969331,0.5263929618768328,0.7409579667644184,0.5175953079178885,0.008797653958944274,0.3309169083091691,0.16134838439379273,1516,0.5296833773087071,0.5175953079178885,0.37975746681995415,530,0.5169811320754717,0.48240469208211145,0.38545949546855696,static_gnn,5,causal
1.0,4141,1.0,0.5148514851485149,0.7041777348466554,0.5189567737261531,-0.004105288577638255,0.6043395660433957,0.2120651770421044,2916,0.52400548696845,0.5189567737261531,0.4360642368685852,1225,0.4930612244897959,0.4810432262738469,0.6008195082698253,static_gnn,5,causal
0.1,414,0.09997585124366096,0.5531400966183575,0.9444444444444444,0.5362318840579711,0.016908212560386437,0.12518748125187482,0.219852714592911,391,0.5473145780051151,0.5362318840579711,0.4403208630030586,23,0.6521739130434783,0.463768115942029,0.3125,static_gnn,5,ranked
0.2,828,0.19995170248732191,0.5217391304347826,0.7765700483091788,0.501207729468599,0.020531400966183555,0.21292870712928708,0.3202811171015669,643,0.5147744945567652,0.501207729468599,0.4060868620848984,185,0.5459459459459459,0.49879227053140096,0.3714146793645341,static_gnn,5,ranked
0.3,1242,0.29992755373098284,0.5201288244766505,0.6835748792270532,0.5144927536231884,0.005636070853462183,0.42515748425157485,0.2838743881259711,849,0.525323910482921,0.5144927536231884,0.40599561856935396,393,0.5089058524173028,0.4855072463768116,0.4549732259372621,static_gnn,5,ranked
0.5,2070,0.49987925621830476,0.5164251207729469,0.6628019323671498,0.5115942028985507,0.004830917874396157,0.39606039396060394,0.2614639730618992,1372,0.5211370262390671,0.5115942028985507,0.38963780261953557,698,0.5071633237822349,0.48840579710144927,0.5,static_gnn,5,ranked
1.0,4141,1.0,0.5148514851485149,0.7041777348466554,0.5189567737261531,-0.004105288577638255,0.6043395660433957,0.2120651770421044,2916,0.52400548696845,0.5189567737261531,0.4360642368685852,1225,0.4930612244897959,0.4810432262738469,0.6008195082698253,static_gnn,5,ranked
0.1,625,0.15092972711905336,0.5296,0.8832,0.5344,-0.0048000000000000265,0.5838416158384161,0.07490456064301278,552,0.5362318840579711,0.5344,0.4829960105478075,73,0.4794520547945205,0.4656,0.6800135341230287,aimdg,1,causal
0.2,1058,0.25549384206713355,0.5264650283553876,0.8818525519848771,0.5217391304347826,0.00472589792060496,0.38936106389361064,0.04540357882911855,933,0.5273311897106109,0.5217391304347826,0.3787678565460561,125,0.52,0.4782608695652174,0.3603362580563478,aimdg,1,causal
0.3,1509,0.36440473315624244,0.5261762756792577,0.854208084824387,0.5314777998674619,-0.005301524188204176,0.676982301769823,0.02230714571211651,1289,0.5337470907680373,0.5314777998674619,0.44639341362717605,220,0.4818181818181818,0.4685222001325381,0.7279527960542784,aimdg,1,causal
0.5,2142,0.5172663607824197,0.5130718954248366,0.8020541549953315,0.5298786181139122,-0.01680672268907568,0.9544045595440456,0.11733939913965939,1718,0.5267753201396973,0.5298786181139122,0.6111495077414475,424,0.45754716981132076,0.47012138188608776,0.9638851234642033,aimdg,1,causal
1.0,4141,1.0,0.5080898333735813,0.6981405457618932,0.5182323110359817,-0.010142477662400395,0.8776122387761224,0.15253242267564107,2891,0.5188516084399861,0.5182323110359817,0.4809365399485964,1250,0.4832,0.48176768896401834,0.8880575203147554,aimdg,1,causal
0.1,414,0.09997585124366096,0.5531400966183575,0.9734299516908212,0.5458937198067633,0.007246376811594235,0.5,0.017222901108180026,403,0.5508684863523573,0.5458937198067633,0.4407653657142924,11,0.6363636363636364,0.45410628019323673,0.2744140625,aimdg,1,ranked
0.2,828,0.19995170248732191,0.5398550724637681,0.9371980676328503,0.5253623188405797,0.01449275362318836,0.18723127687231278,0.011915569022080187,776,0.5347938144329897,0.5253623188405797,0.31217557683609903,52,0.6153846153846154,0.4746376811594203,0.06317353790696068,aimdg,1,ranked
0.3,1242,0.29992755373098284,0.5177133655394525,0.9243156199677939,0.5193236714975845,-0.0016103059581320522,0.5473952604739526,0.11119940235334624,1148,0.5200348432055749,0.5193236714975845,0.4926957454699406,94,0.48936170212765956,0.4806763285024155,0.6214054629287971,aimdg,1,ranked
0.5,2070,0.49987925621830476,0.5140096618357488,0.8048309178743961,0.5178743961352656,-0.0038647342995168366,0.6473352664733527,0.10512985873018317,1666,0.5198079231692677,0.5178743961352656,0.44704443595697485,404,0.4900990099009901,0.4821256038647343,0.6728124538689519,aimdg,1,ranked
1.0,4141,1.0,0.5080898333735813,0.6981405457618932,0.5182323110359817,-0.010142477662400395,0.8776122387761224,0.15253242267564107,2891,0.5188516084399861,0.5182323110359817,0.4809365399485964,1250,0.4832,0.48176768896401834,0.8880575203147554,aimdg,1,ranked
0.1,512,0.12364163245592852,0.56640625,0.734375,0.5234375,0.04296875,0.14088591140885912,0.0988949315340417,376,0.5611702127659575,0.5234375,0.30271239573257713,136,0.5808823529411765,0.4765625,0.22103416919708252,aimdg,5,causal
0.2,987,0.23834822506640907,0.541033434650456,0.7284701114488349,0.5329280648429585,0.008105369807497431,0.3923107689231077,0.12712347586603037,719,0.5507649513212796,0.5329280648429585,0.35112710586810175,268,0.5149253731343284,0.46707193515704154,0.49999999999999994,aimdg,5,causal
0.3,1429,0.3450857280850036,0.5346396081175647,0.7039888033589923,0.5255423372988104,0.009097270818754333,0.3777122287771223,0.1431509624937726,1006,0.5427435387673957,0.5255423372988104,0.34322366680825117,423,0.5153664302600472,0.47445766270118966,0.4566011811122989,aimdg,5,causal
0.5,2141,0.5170248732190292,0.5235871088276506,0.6898645492760392,0.5357309668379262,-0.012143858010275621,0.7376762323767623,0.17921230757744155,1477,0.5429925524712255,0.5357309668379262,0.4329097014133484,664,0.48042168674698793,0.4642690331620738,0.7287462910403002,aimdg,5,causal
1.0,4141,1.0,0.5153344602752958,0.6302825404491669,0.5189567737261531,-0.003622313450857284,0.5901909809019098,0.19248141948755176,2610,0.5272030651340996,0.5189567737261531,0.3762982408246122,1531,0.4951012410189419,0.4810432262738469,0.5680662223832648,aimdg,5,causal
0.1,414,0.09997585124366096,0.5314009661835749,0.9009661835748792,0.5483091787439613,-0.016908212560386437,0.77992200779922,0.2905572270883235,373,0.5442359249329759,0.5483091787439613,0.6003887581627582,41,0.4146341463414634,0.45169082125603865,0.85546875,aimdg,5,ranked
0.2,828,0.19995170248732191,0.5169082125603864,0.8623188405797102,0.5193236714975845,-0.0024154589371980784,0.5235476452354765,0.37780293765917045,714,0.5210084033613446,0.5193236714975845,0.5167647468845399,114,0.49122807017543857,0.4806763285024155,0.5840940475463867,aimdg,5,ranked
0.3,1242,0.29992755373098284,0.5152979066022544,0.7946859903381642,0.5080515297906603,0.007246376811594124,0.3917108289171083,0.32838403761636004,987,0.5146909827760892,0.5080515297906603,0.47664668142833044,255,0.5176470588235295,0.4919484702093398,0.5,aimdg,5,ranked
0.5,2070,0.49987925621830476,0.5231884057971015,0.6792270531400966,0.5222222222222223,0.0009661835748792091,0.4765023497650235,0.17521014484630346,1406,0.5334281650071123,0.5222222222222223,0.3713755133181937,664,0.5015060240963856,0.4777777777777778,0.5346577672372108,aimdg,5,ranked
1.0,4141,1.0,0.5153344602752958,0.6302825404491669,0.5189567737261531,-0.003622313450857284,0.5901909809019098,0.19248141948755176,2610,0.5272030651340996,0.5189567737261531,0.3762982408246122,1531,0.4951012410189419,0.4810432262738469,0.5680662223832648,aimdg,5,ranked
