model,h,n,brier,logloss,accuracy,balanced_accuracy,auc,mean_p,base_rate,vol_qlike,vol_rmse_vol,vol_mz_r2
climatology,1,4141,0.24991859314671516,0.6929867763777009,0.5182323110359817,0.5,0.49125785105821407,0.5287801310162579,0.5182323110359817,-6.65346350119614,0.018053040509305323,8.350026002397163e-05
climatology,5,4141,0.2505010854435049,0.6941651579525787,0.5189567737261531,0.5,0.474621963890929,0.533286320790181,0.5189567737261531,-5.045957763303054,0.029156773101548666,0.00020703579762794405
ewma,1,4141,0.24991859314671516,0.6929867763777009,0.5182323110359817,0.5,0.49125785105821407,0.5287801310162579,0.5182323110359817,-6.924595653191767,0.016540022282501527,0.03343874876893734
ewma,5,4141,0.2505010854435049,0.6941651579525787,0.5189567737261531,0.5,0.474621963890929,0.533286320790181,0.5189567737261531,-5.287317286880512,0.02467810196230137,0.11007155989829115
ar_garch,1,4141,0.24979561205886688,0.6927392347424309,0.5175078483458102,0.5036392238751586,0.5135013675848521,0.5272227031828055,0.5182323110359817,-6.939860591940282,0.016851699433937446,0.0289529545547486
ar_garch,5,4141,0.25211250820299036,0.6974408613847545,0.5196812364163246,0.5008080250270509,0.4743775006961302,0.5464976306215271,0.5189567737261531,-5.306306180164319,0.025091014984447466,0.09434453208228132
linear,1,4141,0.25015755466241063,0.693514158235853,0.5206471866698865,0.515609036570924,0.5236726485365324,0.5195073252123239,0.5182323110359817,-6.962943196401952,0.01623652079658352,0.08121608644295354
linear,5,4141,0.2517683741247151,0.6968115919449579,0.5155759478386863,0.5078736303987472,0.5075756726300269,0.523174430099958,0.5189567737261531,-5.314886336051052,0.02373949505296368,0.16505601983185195
gbm,1,4141,0.24970824199091587,0.6926291227975557,0.538275778797392,0.5331641078465035,0.5319517339481041,0.5137437439645216,0.5182323110359817,-6.945298526762941,0.016884407997740297,0.027600097050354596
gbm,5,4141,0.25200322319635915,0.6974002786527921,0.5235450374305723,0.5162301135673453,0.5137815104064466,0.5211742450613541,0.5189567737261531,-5.3100011845400665,0.024605902278682396,0.11116922975847333
