coverage_target,side,n,win_rate,profit_factor,mean_net_bps,mean_pnl_bps,p_positive,target_rate,stop_rate,avg_win_bps,avg_loss_bps,total_return,annual_return,max_drawdown,model,h
0.1,both,729,0.5363511659807956,1.3564081938582817,22.13825131938464,8.904848334366333,0.0006999300069993001,0.09465020576131687,0.15775034293552812,157.08575689489973,-133.96966193513137,0.3915888381005066,0.020248014138178005,-0.07287062124060872,gbm,1
0.1,buy,562,0.5516014234875445,1.3776898693996436,25.856056529710337,9.83520500756161,0.00044995500449955,0.09430604982206406,0.1583629893238434,170.98304187975592,-152.67317148026635,0.2582065329368144,0.014030971472595022,-0.07351926481407411,gbm,1
0.1,sell,167,0.48502994011976047,1.2361422279695602,9.6268349828395,5.773947434152281,0.358014198580142,0.09580838323353294,0.15568862275449102,103.89861682940104,-79.16402931450332,0.08307192748249936,0.004852702084473526,-0.05804503289707008,gbm,1
0.2,both,1141,0.5249780893952674,1.3006341281589506,19.041616948446052,7.7171357341905065,0.013748625137486252,0.10078878177037687,0.16389132340052587,156.92043796402925,-133.3373752809531,0.8301191198842903,0.03734376628143399,-0.1302216982037343,gbm,1
0.2,buy,839,0.5375446960667462,1.3394966285035084,23.685467620847625,9.089064530605661,0.0033496650334966503,0.09773539928486293,0.16090584028605484,173.84953822818107,-150.86091342015084,0.6383119821748631,0.03040005436883475,-0.11892273645716511,gbm,1
0.2,sell,302,0.4900662251655629,1.1350128505424504,6.140323192999299,3.9057176540835052,0.3508649135086491,0.10927152317880795,0.17218543046357615,105.33243648340444,-89.18716230687056,0.10062045291947053,0.0058329236571252885,-0.10383598783794956,gbm,1
0.3,both,1530,0.5124183006535947,1.2137763271876691,13.745855278771172,5.7929958573804,0.0093990600939906,0.09869281045751634,0.16666666666666666,152.30921752476792,-131.8756943202388,0.5789815278814365,0.02809698037760122,-0.18824570037176636,gbm,1
0.3,buy,1089,0.5215794306703397,1.2273864797043614,16.233090746909966,6.298524625642164,0.0178982101789821,0.09366391184573003,0.16804407713498623,167.9954259852718,-149.2198966146822,0.43175411661127194,0.022010593466736728,-0.16088820846972085,gbm,1
0.3,sell,441,0.4897959183673469,1.1625010276512382,7.603906469693746,4.544649307182981,0.11778822117788221,0.1111111111111111,0.16326530612244897,111.06029898047996,-91.71423034066099,0.16707696093928925,0.009416583249078236,-0.14512200321385993,gbm,1
0.5,both,2230,0.5125560538116591,1.1693661566049556,10.555003578932782,4.282492405862157,0.006799320067993201,0.09461883408071749,0.17040358744394618,142.18078436530774,-127.85186618999694,0.9629615116626746,0.04176272502228917,-0.14472661322610658,gbm,1
0.5,buy,1551,0.524822695035461,1.208307347939661,14.080947797357911,5.741061985078666,0.006899310068993101,0.09026434558349453,0.16634429400386846,155.62956663509055,-142.25633270998858,0.8760437967059129,0.03890455688796779,-0.15468327003317128,gbm,1
0.5,sell,679,0.4845360824742268,1.049751110263739,2.500895356874795,0.9507671961938065,0.28102189781021897,0.10456553755522828,0.1796759941089838,108.90628963095148,-97.5201752607573,0.0389918112848624,0.002323092135493532,-0.22502032229734892,gbm,1
1.0,both,4141,0.503984544795943,1.0823044791105774,4.893182483533634,1.4797168277699835,0.029397060293970604,0.08476213475006038,0.1687998068099493,127.6733279506417,-119.85957486303623,-0.004473432979610892,-0.0002719422481194389,-0.5104741796966635,gbm,1
1.0,buy,2656,0.5139307228915663,1.125949429347008,7.916548392129309,2.9647143247713794,0.01574842515748425,0.07944277108433735,0.16378012048192772,137.70635127320085,-129.31279392596724,0.4570546890326501,0.02309717021267854,-0.264484770659545,gbm,1
1.0,sell,1485,0.4861952861952862,0.9903634585149773,-0.5142652290792409,-1.1762786954863844,0.6514348565143486,0.09427609427609428,0.17777777777777778,108.70507748624658,-103.86467865039675,0.010470542646501046,0.0006320685931786585,-0.2376900509309683,gbm,1
0.1,both,602,0.5066445182724253,1.25282678040875,37.5361591547132,10.348926178211018,0.10713928607139286,0.12956810631229235,0.2026578073089701,367.12540432548525,-300.9309108018036,0.22586685089681113,0.012430471341471794,-0.08108727980179409,gbm,5
0.1,buy,441,0.54421768707483,1.4016857690786415,62.41517314948761,16.899322055575343,0.11013898610138986,0.12698412698412698,0.19047619047619047,400.2042954588703,-340.9151221452977,0.21819971868542187,0.0120452099378352,-0.07505799822011949,gbm,5
0.1,sell,161,0.40372670807453415,0.7636583686388276,-30.610705265755843,-7.59346252935213,0.6743325667433256,0.13664596273291926,0.2360248447204969,244.98796014067895,-217.2139683013628,-0.004306628408862867,-0.0002617815301566573,-0.04905780745004984,gbm,5
0.2,both,1028,0.5107003891050583,1.3557751524116617,52.312769927687604,10.779237709979638,0.047495250474952504,0.13132295719844359,0.20817120622568094,390.34946131120387,-300.50882644675784,0.2490278567868225,0.013580680314131843,-0.11796648587221681,gbm,5
0.2,buy,757,0.5468956406869221,1.5432855475353904,84.16105078513195,18.1497027766559,0.0188981101889811,0.14663143989431968,0.19815059445178335,437.14430472916393,-341.888707619618,0.33991972757352573,0.017908965446034042,-0.04687063202717501,gbm,5
0.2,sell,271,0.4095940959409594,0.7069064317080647,-36.65087807631746,-9.809109358189845,0.8076692330766924,0.08856088560885608,0.23616236162361623,215.8173426171906,-211.80070618243872,-0.05715592955651505,-0.0035638977221159607,-0.1031803541816283,gbm,5
0.3,both,1364,0.5227272727272727,1.3893178612019663,56.74630402779821,11.449694761580549,0.006549345065493451,0.12903225806451613,0.20527859237536658,387.4000846308566,-305.3983128231705,0.21415135593019596,0.011840866252786908,-0.12263194987513804,gbm,5
0.3,buy,1019,0.5544651619234544,1.5465684818513896,84.45316921453167,17.934635650379587,0.007099290070992901,0.14622178606476938,0.19921491658488713,430.98907237115867,-346.808472379068,0.25477224884096183,0.013862853371293449,-0.08016707926712385,gbm,5
0.3,sell,345,0.4289855072463768,0.7907364713827761,-25.089335465771082,-7.704377023017187,0.8148685131486851,0.0782608695652174,0.22318840579710145,220.99617873037886,-209.96576237455378,-0.042457332849539564,-0.0026283899912653563,-0.1028448535099391,gbm,5
0.5,both,2027,0.5239269856931426,1.3210151782861097,45.52743316262072,9.266417208115948,0.00824917508249175,0.11494819930932412,0.20473606314750864,357.5894010118854,-297.9024216103524,0.20837526305636533,0.011548203517821154,-0.2494462009703644,gbm,5
0.5,buy,1474,0.5386702849389416,1.4037902843972432,61.71331692210898,13.042829635351884,0.00414958504149585,0.1255088195386703,0.20488466757123475,398.29259987132014,-331.29249287447,0.33326211020244134,0.017601436395125125,-0.11272087236256223,gbm,5
0.5,sell,553,0.484629294755877,1.0212016514223132,2.3845892901330346,-0.799463294136799,0.4628037196280372,0.0867992766726944,0.20433996383363473,236.99858051042565,-218.23488315561582,-0.08896719733951919,-0.005636384326642041,-0.15899569377814404,gbm,5
1.0,both,4141,0.5071238831200193,1.1513329897684024,20.789663563781314,4.047642666169112,0.03569643035696431,0.09611205022941319,0.21516541898092248,311.8894853656033,-278.7250967418661,0.23730470568264472,0.01300101933570863,-0.23761651432725261,gbm,5
1.0,buy,2872,0.5156685236768802,1.215922442260937,31.743971287539104,6.4038019187823885,0.016998300169983,0.1048050139275766,0.21727019498607242,346.6560029801282,-303.5433895584166,0.35758863508650296,0.01871822199060369,-0.1479449986707292,gbm,5
1.0,sell,1269,0.48778565799842394,0.9653684213326647,-4.0021187708384,-1.2848154689808764,0.602989701029897,0.0764381402679275,0.21040189125295508,228.70820493408277,-225.61395011444787,0.014669821165162134,0.000883836757670009,-0.1562646481556701,gbm,5
0.1,both,702,0.5555555555555556,1.4070501093546495,25.871930346734104,11.790680272052043,0.005849415058494151,0.10398860398860399,0.15669515669515668,160.97670251543474,-143.00903486414168,0.9245128045792972,0.04051336321267085,-0.05819509669109035,linear,1
0.1,buy,528,0.5587121212121212,1.402327458200674,29.47521794548238,12.724975586963621,0.0033496650334966503,0.10984848484848485,0.16666666666666666,183.88177863807888,-166.0180670515818,0.6876589396144159,0.032256671017453886,-0.06423779911588723,linear,1
0.1,sell,174,0.5459770114942529,1.4378223185535488,14.93781625398071,8.955577247492766,0.036896310368963105,0.08620689655172414,0.12643678160919541,89.8504135030135,-75.14695258979292,0.1424899863285336,0.008113618920656318,-0.04899616667106832,linear,1
0.2,both,1083,0.5392428439519852,1.350981425778321,22.029022746734196,9.698713878897163,0.000999900009999,0.1061865189289012,0.1634349030470914,157.2447249206116,-136.2194142663808,1.327772877792571,0.052590874719895764,-0.18225629086812833,linear,1
0.2,buy,809,0.5624227441285538,1.4313266443384254,29.477245245644287,13.475978507115137,0.00029997000299970003,0.11124845488257108,0.15945611866501855,173.92278809480862,-156.18016152376185,1.3545010065900893,0.05332012743141856,-0.07479791260626001,linear,1
0.2,sell,274,0.4708029197080292,1.000815108539226,0.03773806929527912,-1.4538667204763454,0.5206479352064793,0.09124087591240876,0.17518248175182483,98.41899822092435,-87.48765889318851,-0.050586814628239996,-0.00314411850168006,-0.1475740960066504,linear,1
0.3,both,1406,0.5213371266002845,1.2094897383747274,13.477644971092086,5.9508447420296875,0.0027997200279972004,0.10170697012802275,0.1728307254623044,149.25702867523438,-134.40688438275083,0.5012242907033846,0.024952318184431554,-0.18702058523201093,linear,1
0.3,buy,1007,0.5431976166832175,1.2741384953335626,19.280321651639895,8.994594151844186,0.0005499450054994501,0.10526315789473684,0.1717974180734856,164.96926200766433,-153.962831336937,0.5344288221811899,0.026313468239299143,-0.1219189929648975,linear,1
0.3,sell,399,0.46616541353383456,0.9762788816813631,-1.1672056988619008,-1.7309990065497614,0.5666933306669333,0.09273182957393483,0.17543859649122806,103.04954677824946,-92.17338391831127,-0.06971010814925327,-0.004373833251278603,-0.1777350089825851,linear,1
0.5,both,2010,0.5074626865671642,1.1146523277350278,7.4370706998721126,3.2513401815094096,0.031246875312468753,0.09751243781094528,0.17761194029850746,142.48014440208408,-131.69821735695234,0.35762046898431277,0.018719671071106614,-0.24509075963079274,linear,1
0.5,buy,1351,0.5277572168763879,1.1915064088502014,13.602916700587642,6.294306348390095,0.0131986801319868,0.0999259807549963,0.17690599555884529,160.3654945873038,-150.41231532641646,0.6961368285797882,0.03257049764521147,-0.1685000168460482,linear,1
0.5,sell,659,0.4658573596358118,0.9003715898255873,-5.203381419955933,-2.9869713381503886,0.8573142685731427,0.09256449165402124,0.17905918057663125,100.94185553543377,-97.77891478729865,-0.1683702541380092,-0.011121943067609052,-0.3121737295854726,linear,1
1.0,both,4141,0.4836995894711422,1.03305828551528,2.0289641955056315,0.39237146500076037,0.20527947205279473,0.08959188601787008,0.1765274088384448,131.08203151619998,-118.87528923917668,-0.2893399699209296,-0.020506828652398945,-0.6289034325044082,linear,1
1.0,buy,2645,0.49754253308128543,1.076505188585297,5.0751578481432595,2.318273531493366,0.057144285571442854,0.08998109640831758,0.17958412098298676,143.53062591156677,-132.02596778877574,-0.08411811388096901,-0.005316119563440691,-0.35213524239079197,linear,1
1.0,sell,1496,0.4592245989304813,0.9361841474143657,-3.3568527906083565,-3.0127160790319545,0.9303569643035696,0.08890374331550802,0.1711229946524064,107.2358157603009,-97.27176415584279,-0.06551286790514932,-0.00410191093741441,-0.22403449768717298,linear,1
0.1,both,774,0.5335917312661499,1.1934350512049339,29.771144080131723,11.02242629539213,0.11088891110888911,0.13824289405684753,0.21834625322997417,344.2310564589587,-329.9849329626814,0.31181635755657333,0.016600911354130332,-0.06716233816129547,linear,5
0.1,buy,685,0.5343065693430656,1.172614105047722,27.476082313170245,9.683211810952768,0.1481851814818518,0.11970802919708029,0.22189781021897811,349.33582681744355,-341.80500385787684,0.21114323528945556,0.011688614568146738,-0.07440299617654367,linear,5
0.1,sell,89,0.5280898876404494,1.4184604670554994,47.43538352247568,21.32986361944787,0.12588741125887412,0.2808988764044944,0.19101123595505617,304.4790149439489,-240.20868021107773,0.09259933139372145,0.005386717078004866,-0.015632817409650057,linear,5
0.2,both,1111,0.5292529252925292,1.1977604271099305,30.55086447456751,9.980457603957623,0.10738926107389261,0.12961296129612962,0.21152115211521152,349.6156021282878,-328.1681904783722,0.22815942679599255,0.012545230156004061,-0.08925202162660506,linear,5
0.2,buy,998,0.5320641282565131,1.1995263923966406,31.632062551409163,9.610033912689243,0.08514148585141486,0.11823647294589178,0.21442885771543085,357.4151758183178,-338.7979870090371,0.10755315959373268,0.006216128680022859,-0.13825412641622448,linear,5
0.2,sell,113,0.504424778761062,1.176929715476721,21.00187614989523,13.251987195867738,0.12393760623937607,0.23008849557522124,0.18584070796460178,276.95641564748223,-239.52328012443436,0.10317356460776939,0.0059743098402464945,-0.01902547380396913,linear,5
0.3,both,1447,0.5210780926053905,1.186135283073315,28.484332708508436,8.434104558563853,0.0724927507249275,0.12785072563925362,0.2183828610919143,348.3443378866926,-319.5307378605404,0.3237642364972173,0.017160203877157443,-0.10359081216578725,linear,5
0.3,buy,1243,0.5277554304102977,1.214857542862313,33.91090263685976,9.490664075587947,0.09564043595640435,0.1255028157683025,0.2172164119066774,363.3133772339273,-334.21179469819367,0.25121283850939924,0.013688153231995459,-0.108826939287899,linear,5
0.3,sell,204,0.4803921568627451,0.9629967976222606,-4.580502688259676,1.9963424033631145,0.27292270772922705,0.14215686274509803,0.22549019607843138,248.14342143989643,-238.23092310863044,0.06209416521979794,0.0036611625389766367,-0.03739873111467862,linear,5
0.5,both,2082,0.515850144092219,1.1689184798967467,25.09749643625311,7.2920782513010405,0.06984301569843016,0.11671469740634005,0.21613832853025935,336.6773538452051,-306.88342306495167,0.4653147475029502,0.023448077271918777,-0.08997384880222681,linear,5
0.5,buy,1646,0.5194410692588093,1.2023701285525894,31.588480902618233,8.42827232313212,0.05729427057294271,0.12393681652490887,0.21931956257594168,361.31353256776896,-324.8147038934676,0.3784896186981994,0.019662834296800602,-0.09017859204449175,linear,5
0.5,sell,436,0.5022935779816514,1.004929359290894,0.592541317819614,3.002685035168107,0.28102189781021897,0.08944954128440367,0.20412844036697247,240.49501225711336,-241.5210123029423,0.05403224626909875,0.003197355573045124,-0.08193160197514382,linear,5
1.0,both,4141,0.4979473557111809,1.0845753875178903,12.05309705527855,3.194526931831297,0.1414858514148585,0.10045882637044193,0.22047814537551316,310.4066176361437,-283.8607843481578,0.5899001681990459,0.028526853911838623,-0.16889109596444085,linear,5
1.0,buy,2913,0.5087538619979403,1.154608597598818,23.002005691616926,5.6172467405173,0.053594640535946404,0.10779265362169585,0.21833161688980432,337.64407553647806,-302.85372282696045,0.5596932089067257,0.027330718328058,-0.12090910536117383,linear,5
1.0,sell,1228,0.4723127035830619,0.8909629229560929,-13.919354783201644,-2.5525274677634293,0.7354764523547646,0.08306188925081433,0.2255700325732899,240.81021658735867,-241.91804520746854,0.05483731271859105,0.00324382101374443,-0.14111450435210526,linear,5
0.1,both,663,0.502262443438914,0.9598892049742563,-3.0912139566642485,0.049454978431767285,0.5817418258174183,0.07692307692307693,0.2187028657616893,147.28489108332528,-154.8343744970173,0.04813910235036767,0.002856206504231462,-0.1547329833112394,static_gnn,1
0.1,buy,564,0.5195035460992907,1.0193509135318444,1.5401226497145781,2.975429823967833,0.4161083891610839,0.0851063829787234,0.21808510638297873,156.16691661482514,-165.63939997677028,0.15122264267870578,0.008579388204502436,-0.08697902454315976,static_gnn,1
0.1,sell,99,0.40404040404040403,0.529873866616327,-29.475798259670892,-16.619735050682795,0.9378562143785621,0.030303030303030304,0.2222222222222222,82.2240540650886,-105.2045117001858,-0.08954266230247143,-0.005674497979241466,-0.11431702121675524,static_gnn,1
0.2,both,1186,0.5033726812816189,1.0126081100871367,0.9334311314809851,1.112027639734553,0.39686031396860316,0.08853288364249579,0.20489038785834737,148.93063743485985,-149.07392398416786,0.1516834243452987,0.008603872404931767,-0.20448321132386238,static_gnn,1
0.2,buy,1005,0.5124378109452736,1.0237015232242461,1.836274541711459,1.80640324533988,0.3032196780321968,0.08656716417910448,0.20796019900497512,154.7724073407032,-158.9027221755962,0.15521284343412534,0.008791107835912193,-0.20655786616717153,static_gnn,1
0.2,sell,181,0.4530386740331492,0.9257301154864896,-4.079594433610869,-2.7434833195657355,0.4931506849315068,0.09944751381215469,0.1878453038674033,112.24147278230687,-100.42633697608818,-0.0030552110884933814,-0.00018560376823917313,-0.08406225460442318,static_gnn,1
0.3,both,1526,0.5091743119266054,1.110075847550906,7.69869632768148,3.7887222370657248,0.022997700229977002,0.09370904325032765,0.1874180865006553,152.47945103200706,-142.49442303848804,0.2423385996816141,0.01325055372770878,-0.27145354441134684,static_gnn,1
0.3,buy,1277,0.5184025058731402,1.1151311999671625,8.491407109309474,4.0739014786533545,0.03294670532946705,0.0908379013312451,0.19342208300704777,158.65198371982535,-153.14485584379867,0.09131319895834245,0.005314884786296048,-0.2701575983081489,static_gnn,1
0.3,sell,249,0.46184738955823296,1.0721194722848328,3.633267941581276,2.3261764880400015,0.13943605639436057,0.10843373493975904,0.1566265060240964,116.94713242908765,-93.61370531262199,0.14334503571934643,0.008159371677694871,-0.08907300609360491,static_gnn,1
0.5,both,2202,0.5036330608537694,1.0828279057425905,5.480873712833883,2.3966448359104393,0.07394260573942606,0.09128065395095368,0.18029064486830154,142.2716351077282,-133.31231419836266,0.3694797599448092,0.01925729825703737,-0.19623780472156183,static_gnn,1
0.5,buy,1704,0.511150234741784,1.0964944221293327,6.805898165708616,3.0186365969019366,0.044545545445455456,0.09154929577464789,0.18779342723004694,151.3007563872285,-144.28056223158285,0.17907880702244316,0.010043271865774805,-0.2256225703807826,static_gnn,1
0.5,sell,498,0.4779116465863454,1.0184775666400427,0.9470551029974449,0.26838387059013546,0.33111688831116887,0.09036144578313253,0.15461847389558234,109.22808622350664,-98.17173492269944,0.03899145678978533,0.002323071389822573,-0.13879311647476245,static_gnn,1
1.0,both,4141,0.47017628592127503,0.9538177236929481,-2.9410262522589115,-2.1483663393441894,0.8557144285571443,0.07920792079207921,0.18111567254286404,129.18980210082466,-120.19659726568358,-0.6184193473446874,-0.05676934655922272,-0.7626676633039364,static_gnn,1
1.0,buy,2983,0.4870935300033523,1.0179461486703465,1.193196133632653,0.09504157409288097,0.3506149385061494,0.08146161582299698,0.18437814280925244,138.94822999426742,-129.62906804904858,-0.28158665611108524,-0.019861868259154924,-0.5230626582523626,static_gnn,1
1.0,sell,1158,0.4265975820379965,0.7592785541317725,-13.59075455719375,-7.927369625857817,0.9996500349965004,0.07340241796200346,0.17271157167530224,100.48738159642721,-98.46213898473705,-0.35523229782129917,-0.0262714771569863,-0.39686371839730517,static_gnn,1
0.1,both,564,0.5425531914893617,1.3009002162713743,41.166920177831344,10.879833381971519,0.06274372562743726,0.10815602836879433,0.20035460992907803,328.04055714206584,-299.0785562216096,0.09138403407569196,0.005318843095177828,-0.10382883968843903,static_gnn,5
0.1,buy,435,0.5563218390804597,1.3667841058498644,52.51277401407323,13.859973213700004,0.06409359064093591,0.10574712643678161,0.19310344827586207,351.7452680855529,-322.6906641480931,0.12315419429583363,0.007070300072688829,-0.05207394180298375,static_gnn,5
0.1,sell,129,0.49612403100775193,1.025202382400615,2.9076456137598594,0.8305246470731518,0.4688031196880312,0.11627906976744186,0.2248062015503876,238.407118887005,-228.9687588398969,-0.02828655262250912,-0.0017391605902631335,-0.08331432096119296,static_gnn,5
0.2,both,954,0.5314465408805031,1.3014483266460382,42.660148071362556,8.879011481384811,0.06524347565243475,0.11425576519916142,0.2138364779874214,346.55871595143805,-302.0301738865754,0.2028086242728484,0.01126490726231566,-0.13776659551880088,static_gnn,5
0.2,buy,722,0.5415512465373962,1.350057724685043,53.24943826251535,11.067792147917562,0.08299170082991701,0.11772853185595568,0.21329639889196675,379.217301390171,-331.80625503933766,0.15911868599172574,0.00899768717104621,-0.06946098866769512,static_gnn,5
0.2,sell,232,0.5,1.0894249823929643,9.70554670061982,2.0673750967440894,0.3907109289071093,0.10344827586206896,0.21551724137931033,236.47675986053684,-217.06566645929712,-0.019162590288248404,-0.001173047714294162,-0.0981923004503481,static_gnn,5
0.3,both,1367,0.5296269202633505,1.3158903430055082,43.98008388700961,8.402695146485366,0.022497750224977502,0.10607168983174835,0.21580102414045355,345.9149659577518,-295.9901410262366,0.36227712673489587,0.018931299292777926,-0.12287831457216236,static_gnn,5
0.3,buy,1024,0.5400390625,1.3808585988566262,56.69250079166884,11.099813486365743,0.018098190180981903,0.1142578125,0.21484375,380.6149857225853,-323.62413225885524,0.27246953644897287,0.014724605414468739,-0.07725586061300094,static_gnn,5
0.3,sell,343,0.49854227405247814,1.054563149179002,6.028145372808269,0.3506567207200428,0.36906309369063095,0.08163265306122448,0.21865889212827988,233.69794297557056,-220.31799061598443,0.0026352623671828113,0.00015966455442217864,-0.07864413584455654,static_gnn,5
0.5,both,2046,0.5112414467253177,1.1665019019834038,24.345365373113605,5.1021896782871785,0.07224277572242775,0.10361681329423265,0.22482893450635386,333.62339230082506,-299.15945079327264,0.27299380668721107,0.01474996216360469,-0.10308814718510728,static_gnn,5
0.5,buy,1516,0.5158311345646438,1.1902810780924196,30.144090403352095,6.784387550533469,0.07934206579342065,0.11411609498680739,0.23087071240105542,365.5514897216878,-327.1973077804878,0.236780639424498,0.012974986143597045,-0.11288504484498307,static_gnn,5
0.5,sell,530,0.4981132075471698,1.0697018917726595,7.758823588506884,0.29046897201288446,0.34156584341565843,0.07358490566037736,0.20754716981132076,239.04849766781513,-221.79183038494196,0.01597045525569496,0.0009616179040916606,-0.050442028260959004,static_gnn,5
1.0,both,4141,0.49843033083796184,1.0983877854233488,13.85712322018969,3.4686520452419405,0.10403959604039596,0.09659502535619416,0.21902921999517025,310.37242235960304,-280.8022785245138,0.5181170234311563,0.025648295198476445,-0.1611445903483122,static_gnn,5
1.0,buy,2916,0.5075445816186557,1.1548184393931633,23.00023669308079,5.620763727529386,0.06414358564143585,0.10596707818930041,0.22050754458161864,338.0252432717799,-301.6773466888654,0.3380691222142731,0.01782362646615865,-0.22063959227293672,static_gnn,5
1.0,sell,1225,0.476734693877551,0.9354319833338313,-7.907218728341283,-1.6542521715337262,0.6465353464653535,0.07428571428571429,0.21551020408163266,240.29335566436012,-234.03691521092728,-0.008916550656693278,-0.0005431802096554916,-0.17055113841108793,static_gnn,5
0.1,both,625,0.4992,1.0873719884823654,5.726677784901942,1.0494439574521017,0.16323367663233676,0.072,0.184,142.76905749451024,-130.8778668457619,-0.13372386494061017,-0.008670415605480652,-0.2781744633655655,aimdg,1
0.1,buy,552,0.5054347826086957,1.1077792953898384,7.193490624356016,1.4822625951879502,0.2761223877612239,0.07065217391304347,0.18840579710144928,146.2825290421515,-134.95244973668775,-0.044977572634860796,-0.00278783090276713,-0.20422651827583682,aimdg,1
0.1,sell,73,0.4520547945205479,0.9050068831805298,-5.364838480559009,-2.223376426523074,0.12208779122087791,0.0821917808219178,0.1506849315068493,113.06425259172485,-103.06883861519317,-0.09292587248510564,-0.005899030201405253,-0.09776016537470422,aimdg,1
0.2,both,1058,0.499054820415879,1.043176485177213,2.9962801442113993,0.2198162122766154,0.30286971302869714,0.07939508506616257,0.19092627599243855,145.05899525374957,-138.5303492479323,-0.05681755940415323,-0.003542208197549801,-0.22415845257347133,aimdg,1
0.2,buy,933,0.4983922829581994,1.0462703240378677,3.317108098359302,0.31675654371264395,0.2745225477452255,0.07931404072883172,0.19506966773847803,150.4976372932163,-142.9199561657614,-0.12688812659034499,-0.008197629835249631,-0.2280608125704574,aimdg,1
0.2,sell,125,0.504,1.0115084569345227,0.6016202944514362,-0.5037464215618903,0.2858214178582142,0.08,0.16,104.91663734340013,-105.39589702948031,0.08025382464741027,0.0046939004964532405,-0.0508838760939091,aimdg,1
0.3,both,1509,0.4963552021206097,1.0597559868836455,4.096485847074257,0.6146385159326376,0.21707829217078292,0.08084824387011266,0.1908548707753479,146.3670555536896,-136.11490456115584,-0.04038623317645562,-0.0024976583619205073,-0.39446051718346,aimdg,1
0.3,buy,1289,0.5019394879751745,1.0926566232493815,6.515644400413639,1.9775214934662124,0.0927907209279072,0.08456167571761056,0.18851823118696664,153.0781639427821,-141.18832778636582,0.08284575255195237,0.0048399713409903455,-0.31669815540384194,aimdg,1
0.3,sell,220,0.4636363636363636,0.8268513286064435,-10.077584040446027,-7.370616747889077,0.9362063793620637,0.05909090909090909,0.20454545454545456,103.79757390915158,-108.51204260704735,-0.1259441776967083,-0.008132616132458192,-0.13442678328983948,aimdg,1
0.5,both,2142,0.48412698412698413,1.0192463278867234,1.308846865772465,-0.5791102881498857,0.358014198580142,0.08683473389355742,0.19607843137254902,143.17290027538243,-131.82511094939997,0.06905639778124795,0.004059050428692812,-0.423167661746645,aimdg,1
0.5,buy,1718,0.4970896391152503,1.0591116015984183,4.144522238294293,1.0490668673821664,0.13163683631636836,0.0890570430733411,0.19674039580908032,149.3856090112081,-139.41553343771076,0.2741890159789948,0.014807732763093107,-0.2785206832259013,aimdg,1
0.5,sell,424,0.43160377358490565,0.8287805008857133,-10.180988723832487,-7.176299800423627,0.9881511848815119,0.07783018867924528,0.19339622641509435,114.18025950819607,-104.61297389587075,-0.20369144943789275,-0.013722032996173805,-0.24133125163916413,aimdg,1
1.0,both,4141,0.47283264911857037,0.9565152662167531,-2.7604580051338705,-2.2347591009741294,0.8480651934806519,0.08089833373581261,0.1866698865008452,128.41885041562878,-120.41922387222193,-0.6739476989435198,-0.06572505757264935,-0.7993096342877611,aimdg,1
1.0,buy,2891,0.48564510549982703,1.0172546669802722,1.1464069429518429,-0.05745219478877982,0.2968203179682032,0.08370805949498443,0.18886198547215496,139.1691263025969,-129.17228705902644,-0.19395363943230526,-0.012994556493882925,-0.424351610322825,aimdg,1
1.0,sell,1250,0.4432,0.7917209403321969,-11.796255257066509,-7.270434513599607,0.9993500649935007,0.0744,0.1816,101.17446892591161,-101.71835467857494,-0.4881365854952803,-0.03981148404298007,-0.49240019505331023,aimdg,1
0.1,both,512,0.53515625,1.2486410735573366,34.16292764581194,9.041955876892711,0.0786921307869213,0.099609375,0.20703125,320.5820663072463,-295.58011434256207,0.08872145653067043,0.005169890452546788,-0.14282255149351086,aimdg,5
0.1,buy,376,0.526595744680851,1.208510303346072,30.831014478941054,8.95665753540494,0.25852414758524145,0.10638297872340426,0.2074468085106383,339.3386339240259,-312.3403824318837,0.10564619189751911,0.0061109462798352165,-0.11393145262323623,aimdg,5
0.1,sell,136,0.5588235294117647,1.3998892215707766,43.37468757774909,9.277780703358912,0.22047795220477953,0.08088235294117647,0.20588235294117646,271.7162717266889,-245.8579856775748,-0.0066329166961138775,-0.0004036294022085052,-0.06534421594881601,aimdg,5
0.2,both,987,0.5197568389057751,1.2084944936501774,29.2177378827749,6.254226132719258,0.09574042595740426,0.10435663627152988,0.20972644376899696,325.8340468759469,-291.8037104579367,0.2143368918616657,0.01185024528106382,-0.13823450930376047,aimdg,5
0.2,buy,719,0.5299026425591099,1.3107775133646817,45.275266541648215,10.139236061537426,0.06939306069393061,0.12378303198887343,0.21001390820584145,360.36642832571556,-309.9014572445342,0.328425492745299,0.017377117133131614,-0.07365321907336853,aimdg,5
0.2,sell,268,0.4925373134328358,0.8893297220034687,-13.86197519830687,-4.168617668848877,0.706079392060794,0.05223880597014925,0.208955223880597,226.1610367822968,-246.82548682653982,-0.05152592677704737,-0.0032039621437228716,-0.09412563784004546,aimdg,5
0.3,both,1429,0.5150454863540938,1.2117843407168962,30.073252789934646,7.023014923155174,0.09134086591340866,0.11616515045486354,0.21413575927221834,334.09217976816575,-292.80976345245796,0.13199474940145928,0.007549394582563096,-0.16436928970278708,aimdg,5
0.3,buy,1006,0.5228628230616302,1.3310931666586567,48.70620722692396,10.945890922473028,0.027447255274472553,0.13021868787276342,0.2117296222664016,374.5025551416692,-308.3122906963177,0.2128446130911814,0.011774770928196787,-0.06706627035277934,aimdg,5
0.3,sell,423,0.49645390070921985,0.8903319496289457,-14.240582112219586,-2.3065672407071456,0.6692830716928307,0.08274231678486997,0.2198581560283688,232.8738109754856,-257.8744907902389,-0.01846796333778311,-0.0011301511958498045,-0.12473032644582382,aimdg,5
0.5,both,2141,0.5077066791219057,1.168360762284162,25.18555110505929,5.958145464624723,0.07839216078392161,0.11863615133115367,0.21952358710882766,344.25056491869157,-303.8691642795881,0.4636706737287093,0.023378381447954233,-0.11157255884886697,aimdg,5
0.5,buy,1477,0.5253893026404874,1.3086188618764658,47.823096762546044,10.874502071590026,0.012098790120987902,0.13744075829383887,0.2173324306025728,385.96433864797467,-326.4958814159028,0.3931838376153145,0.020318913658122773,-0.11358901868760152,aimdg,5
0.5,sell,664,0.4683734939759036,0.8171594230999378,-25.169350907151465,-4.977786325266475,0.8578142185781422,0.07680722891566265,0.22439759036144577,240.1673224301912,-258.93622175109925,0.061350742930526,0.0036185316797050504,-0.08460885077704061,aimdg,5
1.0,both,4141,0.49818884327457136,1.090644783673042,12.876483213683336,2.9982774037570517,0.12588741125887412,0.10118328906061339,0.2199951702487322,310.9881051949326,-283.0832261931104,0.3291571635856243,0.0174111007648734,-0.15416828228539203,aimdg,5
1.0,buy,2610,0.5091954022988506,1.1600092738728094,23.98393627778513,5.6995791677840115,0.053094690530946904,0.11302681992337164,0.2210727969348659,341.4697958701459,-305.3983489667484,0.3019065918917161,0.01613338282336363,-0.21735099535829783,aimdg,5
1.0,sell,1531,0.47942521227955587,0.9529184459791766,-6.059148724465374,-1.6068157406651342,0.6683831616838316,0.08099281515349445,0.21815806662312215,255.79714210588853,-247.21663613912,-0.06818213748583046,-0.004274709023226575,-0.1779826233955728,aimdg,5
0.1,both,609,0.5024630541871922,1.120498396971577,8.416756467149149,3.203150818185836,0.14083591640835916,0.08866995073891626,0.19047619047619047,155.7652576048629,-140.3906407214331,0.17543332703755898,0.009853555448142037,-0.13334928060947737,lstm,1
0.1,buy,495,0.5232323232323233,1.1822989388754233,13.777653956415712,6.268791201451917,0.12023797620237976,0.09292929292929293,0.19595959595959597,170.77483194001925,-158.52009645779333,0.2342945567448691,0.01285134769068641,-0.08011065822049801,lstm,1
0.1,sell,114,0.41228070175438597,0.6696062567453183,-14.86082473624513,-10.108182424943196,0.7814218578142186,0.07017543859649122,0.16666666666666666,73.05292243878853,-76.53166230679113,-0.047688154651302495,-0.0029597553968598866,-0.09235569089125506,lstm,1
0.2,both,1029,0.5121477162293488,1.2216875459640901,15.522714102659767,5.366839591313168,0.0030496950304969503,0.09912536443148688,0.1933916423712342,167.02876464581465,-143.52845847949686,0.4397810664544759,0.02235726499601931,-0.11057222568342173,lstm,1
0.2,buy,864,0.5219907407407407,1.244316513063456,18.484556591288538,6.568366760072472,0.010998900109989001,0.10069444444444445,0.2013888888888889,180.3533779623408,-158.27776408266928,0.4008982667311489,0.02066075611781626,-0.12937040531754251,lstm,1
0.2,sell,165,0.46060606060606063,1.000331596511428,0.013429798567322524,-0.924793583281024,0.3444655534446555,0.09090909090909091,0.15151515151515152,87.95770404379763,-75.08505157938218,0.02775561983815944,0.0016621672461043513,-0.06262181636357866,lstm,1
0.3,both,1320,0.5083333333333333,1.1922106255612284,13.1270707733403,4.6963705398950335,0.00754924507549245,0.09242424242424242,0.18409090909090908,160.1750372807395,-138.90557256481821,0.4107240163606545,0.021093604269836197,-0.1953710838611884,lstm,1
0.3,buy,1064,0.5178571428571429,1.2153798826059505,16.03151576629881,5.8318600665873115,0.008099190080991902,0.09398496240601503,0.19266917293233082,174.6913991191855,-154.3809515386535,0.43229153272665144,0.022033860589896426,-0.16105878346191294,lstm,1
0.3,sell,256,0.46875,1.0246707020703094,1.0554712713564771,-0.02300780541974643,0.4376062393760624,0.0859375,0.1484375,93.52074250587502,-80.53153275910104,-0.015058049198227175,-0.0009199854880714842,-0.09119904224685282,lstm,1
0.5,both,1937,0.48786783686112545,1.0911810844849603,6.023279298573801,1.0147916356139979,0.06779322067793221,0.087248322147651,0.18069179143004646,147.7484350920734,-128.98707576680638,0.22177424040904614,0.01222510662391385,-0.26715280117570683,lstm,1
0.5,buy,1503,0.499001996007984,1.1246850311662044,8.873599645660136,2.0257078837906035,0.039996000399960006,0.08915502328675981,0.18762475049900199,160.40361236456502,-142.05270784328897,0.22093761057237504,0.01218304550698579,-0.2512018383692306,lstm,1
0.5,sell,434,0.44930875576036866,0.9204397889713505,-3.8477609817735923,-2.4861464312280264,0.6497850214978502,0.08064516129032258,0.15668202764976957,99.07467635172104,-87.82213453839051,0.0006852355349118433,4.1554852271863396e-05,-0.1050409796634143,lstm,1
1.0,both,4141,0.4776624003863801,0.9952821320187721,-0.2946792095871716,-1.3535499086867755,0.508049195080492,0.08355469693310795,0.18280608548659744,130.14541210481858,-119.57831333806365,-0.460101683025702,-0.03670051799713858,-0.6707138803731729,lstm,1
1.0,buy,3054,0.4905042567125082,1.051556570899834,3.4112219256472844,0.8352624501104489,0.1426857314268573,0.08742632612966601,0.18631303208906352,141.84558123332027,-129.86298774202248,-0.08310962512743236,-0.005249712577383492,-0.37696431755494786,lstm,1
1.0,sell,1087,0.44158233670653174,0.7943104340349629,-10.70665903203982,-7.5031662322992165,0.9993000699930007,0.07267709291628335,0.17295308187672492,93.63113428295287,-93.21430448705875,-0.30869150860835115,-0.0221458862207623,-0.3856564478610477,lstm,1
0.1,both,578,0.527681660899654,1.2505276283145683,37.67365473619592,8.859226437144683,0.15153484651534846,0.10034602076124567,0.1972318339100346,356.3718704747478,-318.38112841493347,0.01992272351324975,0.0011974007122288466,-0.09130803252256636,lstm,5
0.1,buy,497,0.5352112676056338,1.3040427128091794,47.210882848173384,12.173277180679746,0.16833316668333168,0.11670020120724346,0.19718309859154928,378.3328845821703,-334.0811191485503,0.04037651331510239,0.002404076623794049,-0.08160134178860712,lstm,5
0.1,sell,81,0.48148148148148145,0.8267436932468034,-20.84489306198674,-11.475134297879087,0.7488751124887512,0.0,0.19753086419753085,206.5864922036104,-232.0311793800412,-0.01965998803325386,-0.0012037819275728667,-0.02929203404006364,lstm,5
0.2,both,964,0.5228215767634855,1.2518785675421056,37.05244051051925,8.66800941325828,0.070992900709929,0.1016597510373444,0.21265560165975103,352.2364582548937,-308.27961371375187,0.18938287440568446,0.01057654691312937,-0.08489630328009823,lstm,5
0.2,buy,802,0.5336658354114713,1.3099159279690602,46.95842650177428,11.875530427356866,0.07004299570042996,0.11970074812967581,0.2144638403990025,371.9149713309538,-324.91697774124395,0.17877380010446808,0.010027419970147111,-0.08489630328009823,lstm,5
0.2,sell,162,0.4691358024691358,0.9042810873589916,-11.988304952360602,-7.211199557772979,0.4129087091290871,0.012345679012345678,0.2037037037037037,241.41535830023943,-235.92642596628622,0.0032388579575930443,0.0001961795500531327,-0.05331015041137277,lstm,5
0.3,both,1362,0.5198237885462555,1.233148926493186,34.07948978192399,8.020010147418896,0.03344665533446655,0.11233480176211454,0.22026431718061673,346.75205461259156,-304.41007581457853,0.253422337946432,0.013796652981984625,-0.10097354635859368,lstm,5
0.3,buy,1066,0.5384615384615384,1.3490379477977614,51.20622248222668,12.350756048831542,0.020647935206479354,0.1303939962476548,0.21669793621013134,367.5526607025944,-317.86462210820224,0.35160320941785117,0.018445196338859216,-0.08598385522555563,lstm,5
0.3,sell,296,0.4527027027027027,0.8086518980511109,-27.59989217254448,-7.576527456992869,0.7816218378162184,0.0472972972972973,0.23310810810810811,257.6509509136245,-263.5481204043139,-0.0738960490826529,-0.004646173734180303,-0.09428555938927563,lstm,5
0.5,both,2177,0.5080385852090032,1.179330005024269,25.68374732081526,5.704207566245225,0.07289271072892711,0.10886541111621498,0.2246210381258613,332.4635808806817,-291.1215709959096,0.19745127694471898,0.010991096834950698,-0.20448471668768997,lstm,5
0.5,buy,1643,0.5143031040779062,1.2379228658744983,35.46665309327102,7.66110935150495,0.04034596540345965,0.12172854534388314,0.23189287888009738,358.8049815131396,-306.9154114616024,0.13269459456613775,0.007587170883063932,-0.1841019646240355,lstm,5
0.5,sell,534,0.4887640449438202,0.9647360886121766,-4.416091975336082,-0.3167468030089391,0.5000999900009999,0.06928838951310862,0.20224719101123595,247.18203477176644,-244.95496040388466,0.04417718728475073,0.0026258403257861662,-0.09226822203670115,lstm,5
1.0,both,4141,0.5020526442888191,1.1030558012527372,14.532657397461234,3.5073491163774717,0.096990300969903,0.09828543829992756,0.22071963293890365,309.82810822283597,-283.19733400212857,0.2528770116998673,0.0137698908825441,-0.17804779775269597,lstm,5
1.0,buy,2812,0.5099573257467994,1.1635307619794266,24.14503858708507,5.511588057626937,0.054594540545945404,0.1073968705547653,0.2286628733997155,336.87786676316114,-301.29681598801875,0.3094150949286918,0.016487928545621422,-0.16027553006640982,lstm,5
1.0,sell,1329,0.4853273137697517,0.9542791839562288,-5.805955021818107,-0.7333731581097336,0.5962903709629037,0.07900677200902935,0.2039127163280662,249.68957528202023,-246.73375772061306,0.00955891667104991,0.0005772821459411048,-0.15458602023403023,lstm,5
