fold,refit,origin,n_train,n_pred,fit_s,predict_s
0,0,2010-01-04,752,21,21.20394611899974,0.009524203000182752
0,1,2010-02-03,773,21,22.461642272999597,0.00877373000184889
0,2,2010-03-05,794,21,23.408229791002668,0.008968930997070856
0,3,2010-04-06,815,21,28.55796459300109,0.00974873000086518
0,4,2010-05-05,836,21,36.96611286799816,0.010392680000222754
0,5,2010-06-04,857,21,41.05330802300159,0.010537063997617224
0,6,2010-07-06,878,21,33.96643055700042,0.009487003000685945
0,7,2010-08-04,899,21,27.609782895000535,0.00923750000220025
0,8,2010-09-02,920,21,32.1772386800003,0.009750832999998238
0,9,2010-10-04,941,21,48.08112634999998,0.009620615997846471
0,10,2010-11-02,962,21,44.317999951003,0.008393227999476949
0,11,2010-12-02,983,21,46.8582491499983,0.009329845001047943
0,12,2011-01-03,1004,21,11.53934426900014,0.009532889002002776
0,13,2011-02-02,1025,21,11.505556699001318,0.010219681997114094
0,14,2011-03-04,1046,21,10.352847547997953,0.00975416000073892
0,15,2011-04-04,1067,21,11.158115907001047,0.0095488499973726
0,16,2011-05-04,1088,21,11.131981851998717,0.009204475998558337
0,17,2011-06-03,1109,21,13.279972101001476,0.009392552998178871
0,18,2011-07-05,1130,21,13.944873074000498,0.009501551001449116
0,19,2011-08-03,1151,21,12.252793757998006,0.009059621999767842
0,20,2011-09-01,1172,21,13.324075166001421,0.010107458998390939
0,21,2011-10-03,1193,21,15.084264518001874,0.009453909999137977
0,22,2011-11-01,1214,21,15.67970122800034,0.009563457999320235
0,23,2011-12-01,1235,21,20.764231345001463,0.010075389000121504
0,24,2012-01-03,1256,14,35.919231173997105,0.011286856002698187
1,0,2012-01-24,1270,21,37.60484693300168,0.011158793000504375
1,1,2012-02-23,1291,21,38.22204754999984,0.013753924999036826
1,2,2012-03-23,1312,21,44.21083513399935,0.012374058002023958
1,3,2012-04-24,1333,21,47.53539833200193,0.011558019999938551
1,4,2012-05-23,1354,21,47.758336135997524,0.010328930002287962
1,5,2012-06-22,1375,21,44.65359252000053,0.012349461001576856
1,6,2012-07-24,1396,21,48.2956426799974,0.009783986002730671
1,7,2012-08-22,1417,21,42.387523838999186,0.010705603999667801
1,8,2012-09-21,1438,21,41.89983432599911,0.009113845000683796
1,9,2012-10-22,1459,21,41.0050897910005,0.009555272001307458
1,10,2012-11-23,1480,21,39.08969536600125,0.01019878199804225
1,11,2012-12-24,1501,21,30.848911329998373,0.009793343000637833
1,12,2013-01-25,1522,21,23.034928445998958,0.011071918001107406
1,13,2013-02-26,1543,21,20.812809066999762,0.008965624001575634
1,14,2013-03-27,1564,21,19.109616533001827,0.009143341001617955
1,15,2013-04-26,1585,21,21.359871052001836,0.009513181998045184
1,16,2013-05-28,1606,21,20.737361284001963,0.008765103000769159
1,17,2013-06-26,1627,21,21.61760929600132,0.008992864997708239
1,18,2013-07-26,1648,21,21.973129841000627,0.009157086999039166
1,19,2013-08-26,1669,21,21.995846032998088,0.010318951000954257
1,20,2013-09-25,1690,21,25.278905908002343,0.010573302999546286
1,21,2013-10-24,1711,21,25.402687937999872,0.009368097002152354
1,22,2013-11-22,1732,21,33.52211777000048,0.010246372999972664
1,23,2013-12-24,1753,21,32.77342570200199,0.009897320996969938
1,24,2014-01-27,1774,14,21.766599344999122,0.011517212999024196
2,0,2014-02-14,1788,21,24.178378524000436,0.011122694999357918
2,1,2014-03-18,1809,21,23.39145449699936,0.009868986999208573
2,2,2014-04-16,1830,21,26.894661253001686,0.011662027998681879
2,3,2014-05-16,1851,21,30.115525348999654,0.0146515169981285
2,4,2014-06-17,1872,21,32.7107387319993,0.009643279001465999
2,5,2014-07-17,1893,21,31.784914602001663,0.012392001997795887
2,6,2014-08-15,1914,21,29.633233733999077,0.01155600600031903
2,7,2014-09-16,1935,21,29.305858687999716,0.01349005500014755
2,8,2014-10-15,1956,21,30.259815874000196,0.010681789000955177
2,9,2014-11-13,1977,21,29.453516721001506,0.010689963997720042
2,10,2014-12-15,1998,21,25.40540862800117,0.009392923999257619
2,11,2015-01-15,2019,21,25.002248762997624,0.01028297200173256
2,12,2015-02-17,2040,21,43.94240940999953,0.010553855998296058
2,13,2015-03-18,2061,21,43.618316849999246,0.009413533000042662
2,14,2015-04-17,2082,21,41.68390482399991,0.009646666003391147
2,15,2015-05-18,2103,21,44.06879853400096,0.009848539000813616
2,16,2015-06-17,2124,21,42.68449079399943,0.009220105999702355
2,17,2015-07-17,2145,21,41.90093746899947,0.009795417998248013
2,18,2015-08-17,2166,21,45.91350181099915,0.009508874998573447
2,19,2015-09-16,2187,21,44.83575924999968,0.009680448998551583
2,20,2015-10-15,2208,21,40.08571988299809,0.010085628000524594
2,21,2015-11-13,2229,21,46.090444953999395,0.011817883001640439
2,22,2015-12-15,2250,21,39.89855945199815,0.010753595001006033
2,23,2016-01-15,2271,21,38.78857638399859,0.009995227002946194
2,24,2016-02-17,2292,14,37.71703402300045,0.011401203002606053
3,0,2016-03-08,2306,21,35.42446346900033,0.010601116002362687
3,1,2016-04-07,2327,21,43.223597461998,0.010326414001610829
3,2,2016-05-06,2348,21,39.80391878199953,0.01192395399993984
3,3,2016-06-07,2369,21,39.484501128001284,0.01021693700022297
3,4,2016-07-07,2390,21,51.43082036800115,0.01020923200121615
3,5,2016-08-05,2411,21,52.699538254997606,0.010736162003013305
3,6,2016-09-06,2432,21,40.17777725599808,0.012705837001703912
3,7,2016-10-05,2453,21,39.00025804100005,0.01077653900210862
3,8,2016-11-04,2474,21,45.635834519001946,0.011046992000046885
3,9,2016-12-07,2495,21,51.78095002899863,0.010545410001213895
3,10,2017-01-09,2516,21,45.10069587700127,0.009894124999846099
3,11,2017-02-08,2537,21,51.87572662800085,0.009731254998769145
3,12,2017-03-10,2558,21,25.924485105999338,0.012327038999501383
3,13,2017-04-10,2579,21,27.175364552000246,0.010654556997906184
3,14,2017-05-10,2600,21,26.32734964300107,0.010285016000125324
3,15,2017-06-09,2621,21,25.263716159999603,0.010488791998795932
3,16,2017-07-11,2642,21,25.90813482700105,0.01068613700044807
3,17,2017-08-09,2663,21,26.242829945000267,0.011757329000829486
3,18,2017-09-08,2684,21,24.61123524100185,0.01029379299870925
3,19,2017-10-09,2705,21,26.852766566000355,0.011873488998389803
3,20,2017-11-07,2726,21,28.758859121997375,0.012781410001480253
3,21,2017-12-07,2747,21,30.400924515000952,0.012741194001137046
3,22,2018-01-09,2768,21,33.166692684000736,0.015361534999101423
3,23,2018-02-09,2789,21,34.078142763999494,0.011307134001981467
3,24,2018-03-13,2810,14,39.92714436599999,0.012960761003341759
4,0,2018-04-03,2824,21,48.9881717520002,0.011689299000863684
4,1,2018-05-02,2845,21,48.97926241499954,0.010700934999476885
4,2,2018-06-01,2866,21,47.42850694600202,0.011229642997932388
4,3,2018-07-02,2887,21,51.71648878400083,0.012464683000871446
4,4,2018-08-01,2908,21,51.81434026900024,0.012153119998401962
4,5,2018-08-30,2929,21,56.82098116099951,0.013355307997699128
4,6,2018-10-01,2950,21,56.467509533998964,0.012780754001141759
4,7,2018-10-30,2971,21,53.570531683999434,0.011554190001334064
4,8,2018-11-29,2992,21,58.335226857001544,0.011673225999402348
4,9,2019-01-02,3013,21,54.70982204699976,0.012195821000204887
4,10,2019-02-01,3034,21,54.06006668400005,0.010600755998893874
4,11,2019-03-05,3055,21,53.14345919200059,0.010373502998845652
4,12,2019-04-03,3076,21,82.44757480599947,0.01092769800015958
4,13,2019-05-03,3097,21,87.05821440100044,0.010839960999874165
4,14,2019-06-04,3118,21,63.03673564699784,0.010016263000579784
4,15,2019-07-03,3139,21,74.28801673199996,0.010335942002711818
4,16,2019-08-02,3160,21,73.42996398299874,0.010770228000183124
4,17,2019-09-03,3181,21,80.86313866300043,0.010138436002307571
4,18,2019-10-02,3202,21,77.89784945400243,0.011548909998964518
4,19,2019-10-31,3223,21,78.0774554439995,0.010895978000917239
4,20,2019-12-02,3244,21,75.91681812000024,0.010632074998284224
4,21,2020-01-02,3265,21,82.82739161300196,0.012146005999966292
4,22,2020-02-03,3286,21,83.97811560199989,0.010486278002645122
4,23,2020-03-04,3307,21,94.20907087600062,0.011810578002041439
4,24,2020-04-02,3328,14,37.13814738599831,0.011202331003005384
5,0,2020-04-23,3342,21,39.574081391998334,0.011019162000593496
5,1,2020-05-22,3363,21,36.142643797000346,0.01099372300086543
5,2,2020-06-23,3384,21,36.725327276002645,0.011058426000090549
5,3,2020-07-23,3405,21,38.1253032679997,0.009915201000694651
5,4,2020-08-21,3426,21,37.06983643499916,0.010219489999144571
5,5,2020-09-22,3447,21,39.666558336997696,0.010765128001366975
5,6,2020-10-21,3468,21,37.18120899299902,0.011205396000150358
5,7,2020-11-19,3489,21,39.29153921000034,0.010962615000607911
5,8,2020-12-21,3510,21,42.15425457799938,0.010844289001397556
5,9,2021-01-22,3531,21,40.11753633000262,0.01067306299955817
5,10,2021-02-23,3552,21,39.76056443199923,0.009797026003070641
5,11,2021-03-24,3573,21,36.256918859002326,0.01049598600002355
5,12,2021-04-23,3594,21,50.618099699000595,0.010235059999104124
5,13,2021-05-24,3615,21,47.57995699299863,0.010833348002051935
5,14,2021-06-23,3636,21,47.051294758999575,0.011154580002767034
5,15,2021-07-23,3657,21,48.76014518100055,0.011070309999922756
5,16,2021-08-23,3678,21,45.44582530600019,0.011324743001750903
5,17,2021-09-22,3699,21,47.61531099000058,0.011140904000058072
5,18,2021-10-21,3720,21,45.59317135900346,0.011311167996609583
5,19,2021-11-19,3741,21,48.11379258499801,0.01080379199993331
5,20,2021-12-21,3762,21,49.41883698200036,0.011607961998379324
5,21,2022-01-21,3783,21,48.32918726900243,0.010623108999425313
5,22,2022-02-22,3804,21,50.546260603998235,0.011320304998662323
5,23,2022-03-23,3825,21,52.807115273997624,0.010813490000145976
5,24,2022-04-22,3846,13,128.75148254700252,0.0127659819991095
6,0,2022-05-11,3859,21,124.69127083499916,0.011857949000841472
6,1,2022-06-10,3880,21,130.38603713599878,0.01083199999993667
6,2,2022-07-13,3901,21,130.04938431100163,0.010514958998101065
6,3,2022-08-11,3922,21,129.1347781910008,0.011353891997714527
6,4,2022-09-12,3943,21,123.7680178949995,0.011379589999705786
6,5,2022-10-11,3964,21,122.88576699300029,0.011001022001437377
6,6,2022-11-09,3985,21,121.85351902800176,0.011572185998375062
6,7,2022-12-09,4006,21,121.69012337700042,0.011690921000990784
6,8,2023-01-11,4027,21,129.96121276399936,0.012720396000077017
6,9,2023-02-10,4048,21,126.06578246000208,0.014823556997725973
6,10,2023-03-14,4069,21,130.12394847299947,0.010855184998945333
6,11,2023-04-13,4090,21,128.9226706030022,0.010744453997176606
6,12,2023-05-12,4111,21,62.70432503499978,0.013247126000351273
6,13,2023-06-13,4132,21,62.799295064000034,0.010847800996998558
6,14,2023-07-14,4153,21,61.38368747400091,0.01098892799927853
6,15,2023-08-14,4174,21,61.82383834799839,0.011785560000134865
6,16,2023-09-13,4195,21,60.87069393300044,0.011580852999031777
6,17,2023-10-12,4216,21,59.559220455001196,0.011231118998694
6,18,2023-11-10,4237,21,60.375193428000784,0.011245444999076426
6,19,2023-12-12,4258,21,57.862042140000995,0.011797043000115082
6,20,2024-01-12,4279,21,60.59474504999889,0.011692444000800606
6,21,2024-02-13,4300,21,56.749477432000276,0.011148030000185827
6,22,2024-03-14,4321,21,56.52056461000029,0.011129496000648942
6,23,2024-04-15,4342,21,55.26668665800025,0.01180649000161793
6,24,2024-05-14,4363,13,62.69504058300299,0.012380409996694652
7,0,2024-06-03,4376,21,61.262287387999095,0.011068990999774542
7,1,2024-07-03,4397,21,61.66899788699811,0.011404857999878004
7,2,2024-08-02,4418,21,61.566050868001184,0.010828423997736536
7,3,2024-09-03,4439,21,59.2000169210005,0.010711511997214984
7,4,2024-10-02,4460,21,59.31442468499881,0.013612398000987014
7,5,2024-10-31,4481,21,62.784913234998385,0.011380813000869239
7,6,2024-12-02,4502,21,61.64100930999848,0.011272236999502638
7,7,2025-01-02,4523,21,58.73609508699883,0.011445405001722975
7,8,2025-02-03,4544,21,60.469828229000996,0.01054331300110789
7,9,2025-03-05,4565,21,57.186419534999004,0.011472116002551047
7,10,2025-04-03,4586,21,57.76308084599805,0.012851364001107868
7,11,2025-05-05,4607,21,55.92844202999913,0.012905437000881648
7,12,2025-06-04,4628,21,178.45649994400083,0.010823805001564324
7,13,2025-07-04,4649,21,168.86208627100132,0.01094686899887165
7,14,2025-08-04,4670,21,171.36516274300084,0.010632221998093883
7,15,2025-09-03,4691,21,169.42676457099878,0.012401550000504358
7,16,2025-10-02,4712,21,167.50687744899915,0.012650161999772536
7,17,2025-10-31,4733,21,160.18830766900282,0.011995208998996532
7,18,2025-12-02,4754,21,157.18519291800112,0.010976384997775313
7,19,2026-01-02,4775,21,159.234958224999,0.012260142000741325
7,20,2026-02-03,4796,21,162.97073244900093,0.010193889000220224
7,21,2026-03-05,4817,21,152.9747678390013,0.009930150001309812
7,22,2026-04-06,4838,21,155.0429566060011,0.010659923998900922
7,23,2026-05-05,4859,21,153.38118277099784,0.008765458002017112
7,24,2026-06-04,4880,13,33.37595954599965,0.009112046001973795
